{"format":"yyc1","data":[["001.20240217150136- 《小王子》读写结合课程（一）-视频-1.mp4",1013729897652786,0,1,0,20440],["002.20240218152238-《小王子》读写结合课程（二）-视频-1.mp4",169326758211166,0,1,0,20440],["003.20240219152151-《小王子》读写结合课程（三）-视频-1.mp4",866580637263715,0,1,0,20440],["004.20240220151936-《小王子》读写结合课程（四）-视频-1.mp4",347384902303972,0,1,0,20440],["005.20240221152425-《小王子》读写结合课程（五）-视频-1.mp4",984428577750269,0,1,0,20440],["006.20240222152154-《小王子》读写结合课程（六）-视频-1.mp4",865682442559113,0,1,0,20440]],"more":false,"page":1,"pageSize":500}