{"format":"yyc1","data":[["001.20230711-直感教练成长营20-前行-视频.html",1036156638022997,0,4,0,19793],["002.20230627-直感教练成长营19-暂停-视频.html",787323917617098,0,4,0,19793],["003.20230620-直感教练成长营18-推动-视频.html",1015444096218524,0,4,0,19793],["004.20230613-直感教练成长营17-行动-视频.html",525595372718017,0,4,0,19793],["005.20230606-直感教练成长营16-信念3-视频.html",1039756647810866,0,4,0,19793],["006.20230530-直感教练成长营15-信念2-视频.html",2824870633932,0,4,0,19793],["007.20230523-直感教练成长营14-信念1-视频.html",235770546193665,0,4,0,19793],["008.20230516-直感教练成长营13-探索问句-视频.html",616853777733727,0,4,0,19793],["009.20230509-直感教练成长营12-火把教练-视频.html",713404471483771,0,4,0,19793],["010.20230425-直感教练成长营11-卡牌在教练中的应用-视频.html",193090734043438,0,4,0,19793],["011.20230411-直感教练成长营10-表达方式-视频.html",448079220009560,0,4,0,19793],["012.20230404-直感教练成长营9-力量-视频.html",1077058751306703,0,4,0,19793],["013.20230328-直感教练成长营8-寻找心仪提问-视频.html",393571985658654,0,4,0,19793],["014.20230314-直感教练成长营7-奇迹-视频.html",544154753172765,0,4,0,19793],["015.20230307-直感教練成長營6-清晰-视频.html",840867756884003,0,4,0,19793],["016.20230301 答疑 达成目标是谁的责任-视频.html",206121160339779,0,4,0,19793],["017.20230228-直感教练成长营5-资源-视频.html",999901937379925,0,4,0,19793],["018.20230221-直感教练成长营4-目标-视频.html",161630517999205,0,4,0,19793],["019.20230214-直感教练成长营3-倾听-视频.html",361615246470940,0,4,0,19793],["020.20230207-直感教练成长营2-连结-视频.html",600944386636096,0,4,0,19793],["021.20230131-直感教练成长营1-觉察-视频.html",915358214236035,0,4,0,19793]],"more":false,"page":1,"pageSize":500}