{"format":"yyc1","data":[["01.20200819清理多代家庭创伤 SRT Clearing Familial Trauma EN_CH 2020.pdf",710313688130396,0,4,0,19792],["02.20200819清理多代家庭创伤 SRT Clearing Familial Trauma EN_CH 2020.pdf",75418545829927,0,4,0,19792]],"more":false,"page":1,"pageSize":500}