{"format":"yyc1","data":[["01.202105支持非主流性意識、LGBTQ、 非主流生活方SEXUAL ORIENTATION.pdf",962152701853745,0,4,0,19792],["02.202105支持非主流性意識、LGBTQ、 非主流生活方SEXUAL ORIENTATION.pdf",648426550138861,0,4,0,19792]],"more":false,"page":1,"pageSize":500}