{"format":"yyc1","data":[["01.20201014清理PTSD SoB SRT Clearing BULLYING EN_CH.pdf",123955533757946,0,4,0,19792],["02.20201014清理PTSD SoB SRT Clearing BULLYING EN_CH.pdf",366579479158102,0,4,0,19792]],"more":false,"page":1,"pageSize":500}