{"format":"yyc1","data":[["01_三上8(0802.170514).mp4",490949903648160,0,1,0,19941],["02_三上1(0731.171004).mp4",532453559919925,0,1,0,19941],["03_三上2(0731.200508).mp4",334641352144322,0,1,0,19941],["04_三上3(0801.224705).mp4",363155919485661,0,1,0,19941],["05_三上4 (0802.104433).mp4",548599955492937,0,1,0,19941],["06_三上5(0802.111200).mp4",329491063207171,0,1,0,19941],["07_三上6(0802.162801).mp4",823777145056912,0,1,0,19941],["08_三上7(0802.164343).mp4",653349905359657,0,1,0,19941]],"more":false,"page":1,"pageSize":500}