{"format":"yyc1","data":[["01.20190417 清理障礙以理解夢境，符號並容許你的頭腦保持.pdf",1096654288865604,0,4,0,20011],["02.20190417 清理障礙以理解夢境，符號並容許你的頭腦保持.pdf",602961029888154,0,4,0,20011]],"more":false,"page":1,"pageSize":500}