{"format":"yyc1","data":[["01.20191023清理孤独症与过动儿.pdf",507386793172390,0,4,0,20011],["02.20191023清理孤独症与过动儿.pdf",839182839413521,0,4,0,20011]],"more":false,"page":1,"pageSize":500}