{"format":"yyc1","data":[["01.20200916 清理孩子学习和教育SECRET OF BLISS  HOW TO CLEAR CHILDREN AND LEARNING 2020_EN.CH.pdf",88143371570781,0,4,0,20011],["02.20200916 清理孩子学习和教育SECRET OF BLISS  HOW TO CLEAR CHILDREN AND LEARNING 2020_EN.CH.pdf",208748971819337,0,4,0,20011]],"more":false,"page":1,"pageSize":500}