{"format":"yyc1","data":[["01.20191218 清理抑郁症及压力.pdf",1002813211801046,0,4,0,20011],["02.20191218 清理抑郁症及压力.pdf",234325342212443,0,4,0,20011]],"more":false,"page":1,"pageSize":500}