{"format":"yyc1","data":[["01.20201111 Divine Plan and Free Will.pdf",514930180280586,0,4,0,20011],["02.20201111 Divine Plan and Free Will.pdf",73683396257875,0,4,0,20011]],"more":false,"page":1,"pageSize":500}