{"format":"yyc1","data":[["01.20180228團體清理.pdf",967657923552930,0,4,0,20011],["02.20180228團體清理.pdf",781404997366108,0,4,0,20011]],"more":false,"page":1,"pageSize":500}