{"format":"yyc1","data":[["01.20201216 RELATIONSHIP-WIHT-MONEY-WEALTH.pdf",958101729628729,0,4,0,20011],["02.20201216 RELATIONSHIP-WIHT-MONEY-WEALTH.pdf",418235093115594,0,4,0,20011]],"more":false,"page":1,"pageSize":500}