{"format":"yyc1","data":[["01.202108儿童行为压力焦虑和如何平衡表达的情绪.doc",262664782063893,0,4,0,20011],["02.202108Children's BehaviourEN_CH.pdf",911276600699201,0,4,0,20011],["03.202108儿童行为压力焦虑和如何平衡表达的情绪.doc",491191738361356,0,4,0,20011],["04.202108Children's BehaviourEN_CH.pdf",614864841776711,0,4,0,20011]],"more":false,"page":1,"pageSize":500}