{"format":"yyc1","data":[["01.202101投资机会INVESTMENTS AND LOANS JAN 2021.pdf",649220165533580,0,4,0,20011],["02.202101投资机会INVESTMENTS AND LOANS JAN 2021.pdf",705939481551784,0,4,0,20011]],"more":false,"page":1,"pageSize":500}