{"format":"yyc1","data":[["01.202107个人诚信及获得成功.pdf",705423990257761,0,4,0,20011],["02.202107个人诚信及获得成功.pdf",556520015143471,0,4,0,20011]],"more":false,"page":1,"pageSize":500}