{"format":"yyc1","data":[["01.202110月清理暴力流产情绪身体创伤.pdf",38707471375691,0,4,0,20011],["02.202110月清理暴力流产情绪身体创伤.pdf",624148720331097,0,4,0,20011]],"more":false,"page":1,"pageSize":500}