{"format":"yyc1","data":[["01.20210217生命中的骤变.pdf",246548286884693,0,4,0,20011],["02.20210217生命中的骤变.pdf",647946644016969,0,4,0,20011]],"more":false,"page":1,"pageSize":500}