{"format":"yyc1","data":[["01.202106美身体形像及自我接纳BODY IMAGE.pdf",437502995378774,0,4,0,20011],["02.202106美身体形像及自我接纳BODY IMAGE.pdf",380532469036959,0,4,0,20011]],"more":false,"page":1,"pageSize":500}