{"format":"yyc1","data":[["01.20211115清理酗酒忧郁吸毒逃避.pdf",888132994609361,0,4,0,20011],["02.20211115清理酗酒忧郁吸毒逃避.pdf",979588255380203,0,4,0,20011]],"more":false,"page":1,"pageSize":500}