{"format":"yyc1","data":[["01.202104展现最好的自己MOTIVATION AND BEST EXPRESSION 4212021 R.pdf",256920286225084,0,4,0,20011],["02.202104展现最好的自己MOTIVATION AND BEST EXPRESSION 4212021 R.pdf",873215641661288,0,4,0,20011]],"more":false,"page":1,"pageSize":500}