{"format":"yyc1","data":[["01.012022 PT CLEARING SPIRIT AND SPIRITUALITY（updated）R.pdf",967927727343007,0,4,0,20011],["02.012022 PT CLEARING SPIRIT AND SPIRITUALITY（updated）R.pdf",1099880322908717,0,4,0,20011]],"more":false,"page":1,"pageSize":500}