{"format":"yyc1","data":[["01.20210831使可能转变为真实.pdf",922661039972298,0,4,0,20011],["02.20210831使可能转变为真实.pdf",240734054843468,0,4,0,20011]],"more":false,"page":1,"pageSize":500}