{"format":"yyc1","data":[["01.202109清理毒性關係Toxic Relationships.pdf",557408713202326,0,4,0,20011],["02.202109清理毒性關係Toxic Relationships.pdf",1068875586637463,0,4,0,20011]],"more":false,"page":1,"pageSize":500}