{"format":"yyc1","data":[["01.202103直觉内在知晓INTUITION AND INNER KNOWING EN CN (17 Mar 2021).pdf",655189244349206,0,4,0,20011],["02.202103直觉内在知晓INTUITION AND INNER KNOWING EN CN (17 Mar 2021).pdf",650911934955830,0,4,0,20011]],"more":false,"page":1,"pageSize":500}