{"format":"yyc1","data":[["01.20211117创造及爱的表达EXPRESSING LOVE AND AFFECTION EN CN R.pdf",621695412176915,0,4,0,20011],["02.20211117创造及爱的表达EXPRESSING LOVE AND AFFECTION EN CN R.pdf",393176780865775,0,4,0,20011]],"more":false,"page":1,"pageSize":500}