{"format":"yyc1","data":[["音视频文档",1007941667077942,1,6,0,20011],["001.20230711-直感教练成长营20-前行.mp4",236985388624160,0,1,0,20011],["002.20230627-直感教练成长营19-暂停.mp4",216953496399222,0,1,0,20011],["003.20230620-直感教练成长营18-推动.mp4",104177357264190,0,1,0,20011],["004.20230613-直感教练成长营17-行动.mp4",180212567170357,0,1,0,20011],["005.20230606-直感教练成长营16-信念3.mp4",1097940423108440,0,1,0,20011],["006.20230530-直感教练成长营15-信念2.mp4",670078463289877,0,1,0,20011],["007.20230523-直感教练成长营14-信念1.mp4",350815872275717,0,1,0,20011],["008.20230516-直感教练成长营13-探索问句.mp4",294362111535909,0,1,0,20011],["009.20230509-直感教练成长营12-火把教练.mp4",21604693271153,0,1,0,20011],["010.20230425-直感教练成长营11-卡牌在教练中的应用.mp4",853775388307707,0,1,0,20011],["011.20230411-直感教练成长营10-表达方式.mp4",37869635949552,0,1,0,20011],["012.20230404-直感教练成长营9-力量.mp4",1113963486522562,0,1,0,20011],["013.20230328-直感教练成长营8-寻找心仪提问.mp4",566852580870431,0,1,0,20011],["014.20230314-直感教练成长营7-奇迹.mp4",1100494003716484,0,1,0,20011],["015.20230307-直感教練成長營6-清晰.mp4",1005943611143544,0,1,0,20011],["016.20230301 答疑 达成目标是谁的责任.mp4",744041207962146,0,1,0,20011],["017.20230228-直感教练成长营5-资源.mp4",20410043153804,0,1,0,20011],["018.20230221-直感教练成长营4-目标.mp4",118976419042704,0,1,0,20011],["019.20230214-直感教练成长营3-倾听.mp4",597075663839708,0,1,0,20011],["020.20230207-直感教练成长营2-连结.mp4",784170963379621,0,1,0,20011],["021.20230131-直感教练成长营1-觉察.mp4",746660448284259,0,1,0,20011]],"more":false,"page":1,"pageSize":500}