{"format":"yyc1","data":[["01.092022 PT PEACE AND AWARENESS-CN WM.pdf",190807272641803,0,4,0,20011],["02.092022 PT PEACE AND AWARENESS-CN WM.pdf",995305204836129,0,4,0,20011]],"more":false,"page":1,"pageSize":500}