{"format":"yyc1","data":[["01.042022 PT CLEARING BLOCKS TO USING LOVE IN SRT R1(2).pdf",350841960312282,0,4,0,20011],["02.042022 PT CLEARING BLOCKS TO USING LOVE IN SRT R1(2).pdf",1108050430765818,0,4,0,20011]],"more":false,"page":1,"pageSize":500}