{"format":"yyc1","data":[["01.80611678201448_.pic.jpg",631633877491263,0,3,0,20011],["02.80621678201449_.pic.jpg",114542725643741,0,3,0,20011],["03.80601678201447_.pic_hd.jpg",473817207250858,0,3,0,20011],["04.80611678201448_.pic.jpg",937408117413748,0,3,0,20011],["05.80621678201449_.pic.jpg",157348531952786,0,3,0,20011],["06.80601678201447_.pic_hd.jpg",268948814383832,0,3,0,20011]],"more":false,"page":1,"pageSize":500}