{"format":"yyc1","data":[["01.102022 PT EVERYONE IS YOU2 WM.pdf",1077584480272532,0,4,0,20011],["02.102022 PT EVERYONE IS YOU2 WM.pdf",966550062228677,0,4,0,20011]],"more":false,"page":1,"pageSize":500}