{"format":"yyc1","data":[["01.112022 Limiting Habits (1)WM (1).pdf",367838293001907,0,4,0,20011],["02.112022 Limiting Habits (1)WM (1).pdf",765301006161118,0,4,0,20011]],"more":false,"page":1,"pageSize":500}