{"format":"yyc1","data":[["01.032022 WHY SRT DOESN'T WORK-EN CN with w.pdf",201317830575309,0,4,0,20011],["02.032022 WHY SRT DOESN'T WORK-EN CN with w.pdf",479348266687685,0,4,0,20011]],"more":false,"page":1,"pageSize":500}