{"format":"yyc1","data":[["01.062022 PT INTENTION AND SPIRITUAL FREEDOM (1)R.pdf",21251301483497,0,4,0,20011],["02.062022 PT INTENTION AND SPIRITUAL FREEDOM (1)R.pdf",69739267718378,0,4,0,20011]],"more":false,"page":1,"pageSize":500}