{"format":"yyc1","data":[["01.9-01模板-常规课时教案20221020.docx",911497264092710,0,4,0,20011],["02.5-03模板-大单元教学设计表-参考案例赵麒麟.pdf",1075900114003440,0,4,0,20011],["03.四天训练营-常规课时教案-参考说明.pdf",424002092041833,0,4,0,20011],["04.20180116教育部《普通高中美术课程标准》.docx",774744997985753,0,4,0,20011],["05.5-03模板-大单元教学设计表-参考案例沈从文.pdf",324234452186780,0,4,0,20011],["06.20211125三维目标案例与分析图.pdf",25484783484820,0,4,0,20011],["07.6-02英特尔未来教育-框架问题设计.pdf",173886573608934,0,4,0,20011],["08.6-01资料200309从美术教学的难度与深度说开去.pdf",620218999276560,0,4,0,20011],["09.6-07“单眼观察法”及其生理机制-王大根.pdf",870113715848713,0,4,0,20011],["10.6-03金文娟-时间在流逝.pdf",928496428930190,0,4,0,20011],["11.9-03模板-大单元教学设计表.docx",504237229754568,0,4,0,20011]],"more":false,"page":1,"pageSize":500}