{"format":"yyc1","data":[["003.20200822 講座錄影 診斷1.mp4",750968996187220,0,1,0,20668],["004.20200822 講座錄影 診斷2.mp4",217442039165464,0,1,0,20668],["005.20200822 講座錄影 診斷3.mp4",615252739887584,0,1,0,20668],["006.20200829 講座錄影 診斷1.mp4",1123604423223046,0,1,0,20668],["007.20200829 講座錄影 診斷2.mp4",134107943780351,0,1,0,20668],["008.20200829 講座錄影 診斷3.mp4",80298554250355,0,1,0,20668],["009.林氏結構治療- 整復腳踝扭傷（實況錄影與解說）.mp4",653590758107938,0,1,0,20668],["010.20200919 講座錄影 診斷1.mp4",734379128577378,0,1,0,20668],["011.20200919 講座錄影 診斷2.mp4",897266144576363,0,1,0,20668],["012.20200926 講座錄影 診斷1.mp4",293466291735401,0,1,0,20668],["013.20200926 講座錄影 診斷2.mp4",381058236059740,0,1,0,20668],["014.20200926 講座錄影 診斷3.mp4",434980787748780,0,1,0,20668],["015.调整脚踝与大腿松解胸大肌.mp4",1082628545352978,0,1,0,20668],["016.鬼扯淡一.mp4",1006595826701091,0,1,0,20668],["017.鬼扯淡二：谈拉筋.mp4",797044605754254,0,1,0,20668],["018.锻炼肌肉的原则.mp4",714993632745035,0,1,0,20668],["019.传统武术的锻炼方式.mp4",199394709625425,0,1,0,20668]],"more":false,"page":1,"pageSize":500}