{"format":"yyc1","data":[["kafka_2.11-1.1.0.tgz",14631218051573,0,6,0,19810],["图灵学院出品，版权所有，翻版必究,请勿违法，成本很高！",775876632596445,0,6,0,19810],["apache-maven-3.2.5-bin.zip",703265621249463,0,6,0,19810],["CentOS-7-x86_64-DVD-1511.zip",706712670321449,0,6,0,19810],["jd-gui.exe",690099576362247,0,5,0,19810],["jdk-8u121-windows-x64.exe",789564660612248,0,5,0,19810],["navicat110_mysql_cs_x86.exe",635794893489230,0,5,0,19810],["nexus-2.12.0-01-bundle.tar (1).gz",92376299126613,0,6,0,19810],["putty_V0.63.0.0.43510830.exe",780517615007323,0,5,0,19810],["redis-desktop-manager-0.8.8.384.exe",576007207422569,0,5,0,19810],["VMware-workstation-full-12.5.7.20721.exe",47847359298557,0,5,0,19810],["xshell.exe",856443889600131,0,5,0,19810],["ZooInspector-客户端.zip",960014102016567,0,6,0,19810]],"more":false,"page":1,"pageSize":500}
