{"format":"yyc1","data":[["01.202105支持非主流性意識、LGBTQ、 非主流生活方SEXUAL ORIENTATION.pdf",1060874831911074,0,4,0,20011],["02.202105支持非主流性意識、LGBTQ、 非主流生活方SEXUAL ORIENTATION.pdf",627851668563330,0,4,0,20011]],"more":false,"page":1,"pageSize":500}