{"format":"yyc1","data":[["01.202206时政热点课件.pdf",819138202973857,0,4,0,20011],["02.202208时政热点课件.pdf",524455857751415,0,4,0,20011],["03.202207时政热点课件.pdf",125351692849305,0,4,0,20011]],"more":false,"page":1,"pageSize":500}