{"format":"yyc1","data":[["01.202205时政热点课件.pdf",659167288202684,0,4,0,20011],["02.202204时政热点课件.pdf",84147468821483,0,4,0,20011],["03.202203时政热点课件.pdf",997509354886353,0,4,0,20011]],"more":false,"page":1,"pageSize":500}