{"format":"yyc1","data":[["01.20201014清理PTSD SoB SRT Clearing BULLYING EN_CH.pdf",22129233323547,0,4,0,20011],["02.20201014清理PTSD SoB SRT Clearing BULLYING EN_CH.pdf",589407341659922,0,4,0,20011]],"more":false,"page":1,"pageSize":500}