{"format":"yyc1","data":[["01.20200819清理多代家庭创伤 SRT Clearing Familial Trauma EN_CH 2020.pdf",629598173037960,0,4,0,20011],["02.20200819清理多代家庭创伤 SRT Clearing Familial Trauma EN_CH 2020.pdf",37781952366523,0,4,0,20011]],"more":false,"page":1,"pageSize":500}