{"format":"yyc1","data":[["001.20230711-直感教练成长营20-前行-视频.html",139532996031828,0,4,0,20011],["002.20230627-直感教练成长营19-暂停-视频.html",680969894769395,0,4,0,20011],["003.20230620-直感教练成长营18-推动-视频.html",804030937091495,0,4,0,20011],["004.20230613-直感教练成长营17-行动-视频.html",1092666517552012,0,4,0,20011],["005.20230606-直感教练成长营16-信念3-视频.html",549997641732217,0,4,0,20011],["006.20230530-直感教练成长营15-信念2-视频.html",183780792271714,0,4,0,20011],["007.20230523-直感教练成长营14-信念1-视频.html",832377011569251,0,4,0,20011],["008.20230516-直感教练成长营13-探索问句-视频.html",27519275335648,0,4,0,20011],["009.20230509-直感教练成长营12-火把教练-视频.html",347807776898478,0,4,0,20011],["010.20230425-直感教练成长营11-卡牌在教练中的应用-视频.html",12844101447966,0,4,0,20011],["011.20230411-直感教练成长营10-表达方式-视频.html",50030737207546,0,4,0,20011],["012.20230404-直感教练成长营9-力量-视频.html",18904286525016,0,4,0,20011],["013.20230328-直感教练成长营8-寻找心仪提问-视频.html",1037529487417026,0,4,0,20011],["014.20230314-直感教练成长营7-奇迹-视频.html",1010506245470797,0,4,0,20011],["015.20230307-直感教練成長營6-清晰-视频.html",7619020164277,0,4,0,20011],["016.20230301 答疑 达成目标是谁的责任-视频.html",93760022675097,0,4,0,20011],["017.20230228-直感教练成长营5-资源-视频.html",113739201950919,0,4,0,20011],["018.20230221-直感教练成长营4-目标-视频.html",259883083518773,0,4,0,20011],["019.20230214-直感教练成长营3-倾听-视频.html",673485956539740,0,4,0,20011],["020.20230207-直感教练成长营2-连结-视频.html",65835201692631,0,4,0,20011],["021.20230131-直感教练成长营1-觉察-视频.html",598281533983169,0,4,0,20011]],"more":false,"page":1,"pageSize":500}