{"format":"yyc1","data":[["1.VID_20221103_141212.mp4",652106127443931,0,1,0,20011],["2.VID_20221103_143009.mp4",408117538265315,0,1,0,20011],["3.VID_20221103_144049.mp4",638702812409793,0,1,0,20011],["4.20221103_144526.mp4",238357497855058,0,1,0,20011],["5.VID_20221103_155056.mp4",956475052866443,0,1,0,20011],["6.20221103_155100.mp4",613840111426519,0,1,0,20011],["7.VID_20221103_170210.mp4",694802790915371,0,1,0,20011],["8.20221103_170214.mp4",422590772162425,0,1,0,20011]],"more":false,"page":1,"pageSize":500}