{"format":"yyc1","data":[["0.写作天才中文字幕版-NS国际直播课.mp4",470992054323700,0,1,0,19993],["1.人类的思考第一章-NS直播课.mp4",513363422059841,0,1,0,19993],["10.20220709TheHiddenSecretsofAPG.mp4",463020117700883,0,1,0,19993],["11.20221112MetaTherapy.mp4",31168939242539,0,1,0,19993],["12.20220514DevelopingtheCharacteristicsofSelfAc.mp4",20123691107575,0,1,0,19993],["13.20220312InspiringtheHeart.mp4",975743278235720,0,1,0,19993],["14.整合的奥秘-NS国际直播课.mp4",303269251957383,0,1,0,19993],["15.成功的终极方程式-NS国际直播课.mp4",1004447570009448,0,1,0,19993],["16.20231105Psychologicalfirstaid.mp4",1011485277017874,0,1,0,19993],["17.20230311TheMetaPlace.mp4",69555052424506,0,1,0,19993],["18.谁想成为有能力的人吗？-NS国际直播课.mp4",92127133645842,0,1,0,19993],["19.学习的奥秘中文字幕-NS国际直播课.mp4",751031591516054,0,1,0,19993],["2.人类的思考第二章-NS直播课.mp4",223944531254941,0,1,0,19993],["20.韧展力-NS国际直播课.mp4",41716523278921,0,1,0,19993],["3.人类的思考第三章-NS直播课.mp4",202616749447678,0,1,0,19993],["4.动态思考的深度探索-教练对话示范.mp4",987666642861321,0,1,0,19993],["5.20210911AMetaphorisLikeaGoodDetectiveStory.mp4",896502328676847,0,1,0,19993],["6.20211113TheUnexpectedExtensivenessoftheMeta.mp4",397193072913524,0,1,0,19993],["7.20210717TheSevenDimensionsofLearning.mp4",960944620248236,0,1,0,19993],["8.20210313Collaboration-TheMagicofSynergy.mp4",409639566255765,0,1,0,19993],["9.20220910LivingPersonalGenius.mp4",677033095551926,0,1,0,19993]],"more":false,"page":1,"pageSize":500}