{"format":"yyc1","data":[["Adobe_After_Effects_2020_17.7.0.45_ACR13.1_M1_SP_20210217.dmg",589470213409822,0,6,0,20000],["Adobe_After_Effects_2021_18.2.1.8_ACR13.3_M1_SP_20210630.dmg",659449098319757,0,6,0,20000],["Adobe_Animate_2021_21.0.3.38773_ACR13.1_M1_SP_20210217.dmg",527758291588251,0,6,0,20000],["Adobe_Audition_2020_13.0.13.46_M1_SP_20210126.dmg",208114839744489,0,6,0,20000],["Adobe_Audition_2021_14.2.0.34_M1_SP_20210630.dmg",282752275577329,0,6,0,20000],["Adobe_Bridge_2020_10.0.2.131_ACR13.1_M1_SP_20210111.dmg",623839373486667,0,6,0,20000],["Adobe_Character_Animator_2020_3.5.0.144_M1_SP_20210217.dmg",506749477963872,0,6,0,20000],["Adobe_Dimension_3.4.1.3482_M1_SP_20210126.dmg",262954340887901,0,6,0,20000],["Adobe_Dreamweaver_2021_21.1.0.15413_M1_SP_20210126.dmg",391193102981672,0,6,0,20000],["Adobe_Illustrator_2021_25.0.1.66_M1_SP_20210111.dmg",335933951297918,0,6,0,20000],["Adobe_InCopy_2021_16.1.0.020_M1_SP_20210205.dmg",946465668436488,0,6,0,20000],["Adobe_InDesign_2021_16.1.0.020_M1_SP_20210205.dmg",729429700665244,0,6,0,20000],["Adobe_Lightroom_Classic_10.1.1.202101041610_M1_SP_20210126.dmg",409562451567534,0,6,0,20000],["Adobe_Media_Encoder_2020_14.9.0.48_M1_SP_20210217.dmg",505783406880859,0,6,0,20000],["Adobe_Media_Encoder_2021_15.2.0.30_M1_SP_20210630.dmg",418138621578080,0,6,0,20000],["Adobe_Photoshop_2019_20.0.7.87_ACR13.1_M1_SP_20210111.dmg",728733835338937,0,6,0,20000],["Adobe_Photoshop_2021_22.4.2.242_ACR13.3_M1_SP_20210630.dmg",831104874275586,0,6,0,20000],["Adobe_Prelude_2020_9.0.3.43_M1_SP_20210126.dmg",412448620767943,0,6,0,20000],["Adobe_Premiere_Pro_2020_14.9.0.52_M1_SP_20210217.dmg",993250763915265,0,6,0,20000],["Adobe_Premiere_Pro_2021_15.2.0.35_M1_SP_20210630.dmg",556983171783961,0,6,0,20000],["Adobe_XD_37.0.32_M1_20210217.dmg",518334995831489,0,6,0,20000]],"more":false,"page":1,"pageSize":500}