{"format":"yyc1","data":[["01.260315 和声分析（一）.mp4",185133076264451,0,1,0,21356],["02.260322和声分析（二）.mp4",246742081310155,0,1,0,21356],["03.260405和声分析（三）.mp4",463292738481211,0,1,0,21356],["04.260412 和声分析（四）.mp4",613849453945735,0,1,0,21356],["05.260419和声分析（五）.mp4",531455954648091,0,1,0,21356],["06.260503和声分析（六）.mp4",928413164690191,0,1,0,21356],["07.260510和声分析（七）.mp4",4190567782549,0,1,0,21356],["08.260517 和声分析（八）.mp4",121991949732794,0,1,0,21356],["09.260524和声分析（九）.mp4",291769359586981,0,1,0,21356]],"more":false,"page":1,"pageSize":20000}