{"format":"yyc1","data":[["01.20260517 全程班27安排解读、学习建议.mp4",732557343541510,0,1,0,21356],["02.20260329 27预备课01：26整体情况即时复盘.mp4",70474234970695,0,1,0,21356],["03.20260419 27预备课02：27文学考研要注意的问题（前景、院校等）.mp4",1049926469183190,0,1,0,21356],["04.20260426 27预备课03：院校选择与真题分析对比.mp4",654056646200072,0,1,0,21356],["05.20260517 27预备课04：辜鸿铭《中国的语言》带读--找兴趣点.mp4",899139649557564,0,1,0,21356],["06.20260524 周课01：从鲁迅《白光》理解文学综合视野.mp4",668191298603182,0,1,0,21356]],"more":false,"page":1,"pageSize":20000}