{"format":"yyc1","data":[["01.2020120401课前论述.mp4",923531319402490,0,1,0,21357],["02.2020120402伤寒派腹诊基本方法与经方应用（总论）~1.mp4",229985761949248,0,1,0,21357],["03.2020120403伤寒派腹诊基本方法与经方应用（总论）~2.mp4",60291933825387,0,1,0,21357],["04.2020120404腹诊实操老师讲解.mp4",764084159319192,0,1,0,21357],["05.2020120405腹诊实操学员练习~1.mp4",414272053712243,0,1,0,21357],["06.2020120406腹诊实操学员练习~2.mp4",329578675924610,0,1,0,21357],["07.2020120501胸胁苦满与柴胡类方应用~1.mp4",354632004896705,0,1,0,21357],["08.2020120502胸胁苦满与柴胡类方应用~2.mp4",186594596405634,0,1,0,21357],["09.2020120503腹力腹急与建中汤肾气丸类方应用.mp4",335435588507640,0,1,0,21357],["10.2020120504心下痞与泻心汤类方应用~1.mp4",1017406359024905,0,1,0,21357],["11.2020120505心下痞与泻心汤类方应用~2.mp4",986092441389421,0,1,0,21357],["12.2020120506脐旁小腹压痛与活血祛瘀类方应用.mp4",353534292015065,0,1,0,21357],["13.2020120601脐旁悸动与相关经方应用~1.mp4",813885422988623,0,1,0,21357],["14.2020120601脐旁悸动与相关经方应用~2.mp4",159738689882596,0,1,0,21357],["15.2020120603色温汗出振水音与相关经方应用.mp4",553683221695628,0,1,0,21357],["16.2020120604汉方名家典型腹诊医案选读.mp4",35576676605274,0,1,0,21357],["17.2020120605从腹诊腹证加深对条文的理解.mp4",381619012208469,0,1,0,21357],["18.2020120606课后讨论.mp4",279739961728296,0,1,0,21357]],"more":false,"page":1,"pageSize":20000}