{"format":"yyc1","data":[["01.20201204周末点评.mp4",1004300030738351,0,1,0,21357],["02.20201211周末点评.mp4",1082860144021068,0,1,0,21357],["03.20201218周末点评.mp4",339438432859779,0,1,0,21357],["04.20201225周末点评.mp4",668841647577467,0,1,0,21357]],"more":false,"page":1,"pageSize":20000}