{"format":"yyc1","data":[["01.20221120龙形讲义.mp4",496811208854332,0,1,0,19763],["02.20230219龙形，走趟.mp4",364998199426045,0,1,0,19763],["03.20230618龙形，弹起来.mp4",790262658816291,0,1,0,19763],["04.20230625龙形看前手.mp4",795550779679583,0,1,0,19763],["05.20230226虎形，放好再出.mp4",650407281523211,0,1,0,19763],["06.20230625虎形起步大一些.mp4",28962515712207,0,1,0,19763],["07.20220403猴形讲义.mp4",145890848244299,0,1,0,19763],["08.20230326猴形，转身要快.mp4",62179334149484,0,1,0,19763],["09.20230402猴形讲义，猴子爬竿抢把要快 转身.mp4",908974625300845,0,1,0,19763],["10.20220403马形讲义.mp4",872299392335398,0,1,0,19763],["11.20230218马形收式.mp4",264696035961289,0,1,0,19763],["12.20230319马形讲义，两种练法.mp4",395981657131021,0,1,0,19763],["13.20230319马形转身.mp4",70973942105011,0,1,0,19763],["14.20230402马形收式.mp4",714167306681462,0,1,0,19763],["15.20230409马形要裹上劲.mp4",746272493592067,0,1,0,19763],["16.20230212鼍形、后手位置.mp4",290077624288104,0,1,0,19763],["17.20230326鼍形.mp4",456207326500980,0,1,0,19763],["18.20230402鼍形，手出去再翻 手出去是平的.mp4",70428784867985,0,1,0,19763],["19.20230416鼍形讲义.mp4",878454014234449,0,1,0,19763],["20.20230424鼍形看手.mp4",1011402078991357,0,1,0,19763],["21.20220403鸡形讲义.mp4",1045290899964325,0,1,0,19763],["22.20230416鸡形讲义.mp4",173041941067528,0,1,0,19763],["23.20230424鸡形，金鸡束身.mp4",565782286864332,0,1,0,19763],["24.20230625鸡形金鸡独立脚别太高.mp4",68391604757641,0,1,0,19763],["25.20230604鹞形讲义.mp4",743163627781331,0,1,0,19763],["26.20230528燕形讲义.mp4",202852715344946,0,1,0,19763],["27.20230604燕形讲义.mp4",71171934753850,0,1,0,19763],["28.20230625燕形跳远点.mp4",933293068313258,0,1,0,19763],["29.20230319蛇形穿掌.mp4",51206719750236,0,1,0,19763],["30.20230618蛇形掩裆.mp4",815314598841000,0,1,0,19763],["31.20230625蛇形步子大一些.mp4",297658783334439,0,1,0,19763],["32.20221120鸟台形讲义.mp4",10658274606978,0,1,0,19763],["33.20230326鸟台形，裹好再出.mp4",973372016026358,0,1,0,19763],["34.20230625鸟台形起式.mp4",480938327409464,0,1,0,19763],["35.20230625鹰形，抓努之式.mp4",768078496449805,0,1,0,19763],["36.20230212熊形讲义.mp4",82540303632274,0,1,0,19763]],"more":false,"page":1,"pageSize":500}