{"format":"yyc1","data":[["01.20230417现当代01：入门课--现当代基本学习思路及要求.mp4",1052780581265555,0,1,0,19792],["02.20230419现当代02：五四文学革命--第一个十年思潮.mp4",738126538184889,0,1,0,19792],["03.20230421一轮03：第二个十年思潮.mp4",685049289065762,0,1,0,19792],["04.20230425一轮04：第三个十年思潮：《讲话》与胡风.mp4",747059015579093,0,1,0,19792],["05.20230427一轮05：第一个十年小说.mp4",358591693074640,0,1,0,19792],["06.20230504一轮06：郁达夫+沈从文.mp4",419172195970390,0,1,0,19792],["07.20230511一轮07： 鲁迅.mp4",26265228425748,0,1,0,19792],["08.20230516一轮08：茅盾.mp4",533298999470341,0,1,0,19792],["09.20230526一轮09：钱钟书张爱玲.mp4",729376983585974,0,1,0,19792],["10.20230529一轮10：巴金老舍.mp4",626379269056553,0,1,0,19792],["11.20230601一轮11：巴金老舍作品+30年代小说.mp4",713923083482770,0,1,0,19792],["12.20230606一轮12：赵树理孙犁.mp4",640526282737712,0,1,0,19792],["13.20230618一轮13：解放区文学+通俗小说+诗歌入门.mp4",667493561598544,0,1,0,19792],["14.20230625一轮14：艾青+17年名词解释+孙频作品.mp4",575479975348626,0,1,0,19792],["15.20230627一轮15：现当代诗歌（全）.mp4",219862201494228,0,1,0,19792],["16.20230703一轮16：现当代戏剧（全）.mp4",692868751097356,0,1,0,19792],["17.20230706一轮17：曹禺.mp4",955879477882028,0,1,0,19792],["18.20230711一轮18：戏剧收尾+散文.mp4",78593649919681,0,1,0,19792],["19.20230717 散文.mp4",181322027756231,0,1,0,19792],["20.20230727 五六十年代小说.mp4",614503635633628,0,1,0,19792],["21.20230801 八十年代小说.mp4",889628668333217,0,1,0,19792],["22.20230803 现当代九十年代小说收尾.mp4",1100790810675488,0,1,0,19792]],"more":false,"page":1,"pageSize":500}