{"format":"yyc1","data":[["01.20230314 一轮01：古代文学全体裁线索梳理.mp4",787538077763493,0,1,0,19792],["02.20230316 一轮02：文学史思路+辞赋（1）.mp4",639415401877294,0,1,0,19792],["03.20230317一轮03：文学史现象+辞赋（2）.mp4",347785072826574,0,1,0,19792],["04.20230324一轮04：题点思考+小说（1）.mp4",420908015687281,0,1,0,19792],["05.20230305一轮05：理性看待文本+小说（2）.mp4",714565637859355,0,1,0,19792],["06.20230328一轮06 小说（3）.mp4",628806677656743,0,1,0,19792],["07.20230401一轮07：自由论述答题限度+小说（4）.mp4",1041300446088729,0,1,0,19792],["08.20230405一轮08：小说（05）.mp4",63966598649430,0,1,0,19792],["09.20230408一轮09：小说收尾.mp4",859259394417947,0,1,0,19792],["10.20230411一轮10：戏剧（1）唐传奇.mp4",907360518838478,0,1,0,19792],["11.20230413一轮11：戏剧（2）+答题练习.mp4",1083968761144197,0,1,0,19792],["12.20230416一轮12：名词解释+戏剧（3）.mp4",839127748028996,0,1,0,19792],["13.20230418一轮13：戏剧（西厢琵琶牡丹亭）.mp4",641980765594023,0,1,0,19792],["14.20230424 一轮14：戏剧收尾+流变题怎么答.mp4",463286065585259,0,1,0,19792],["15.20230426一轮15：作业讲评+线索回顾+词（1）.mp4",896465375133241,0,1,0,19792],["16.20230511一轮16： 北宋词1.mp4",174378283978580,0,1,0,19792],["17.20230516一轮17：南宋词2.mp4",295517436810355,0,1,0,19792],["18.20230519一轮18：词收尾+理论讨论.mp4",907571782442433,0,1,0,19792],["19.20230525一轮19：诗经+两汉乐府、文人诗.mp4",123227074190573,0,1,0,19792],["20.20230530一轮20：魏晋南北朝诗歌1.mp4",423553982045223,0,1,0,19792],["21.20230605一轮21：提问+陶渊明+南北朝民歌.mp4",1002259292302949,0,1,0,19792],["22.20230611一轮22：唐代诗歌（纯享勾重点版）.mp4",2552671324434,0,1,0,19792],["23.20230614一轮23：李白.mp4",333345274047142,0,1,0,19792],["24.20230618一轮24：杜甫.mp4",868573966967236,0,1,0,19792],["25.20230701一轮25：白居易.mp4",460644120376235,0,1,0,19792],["26.20230704一轮26：韩孟+刘柳.mp4",143521688332529,0,1,0,19792],["27.20230712 一轮27：晚唐诗歌.mp4",832272145990494,0,1,0,19792],["28.20230718 一轮28：唐代诗歌汇总梳理.mp4",151205047032377,0,1,0,19792],["29.20230728 宋代--清代诗歌前续.mp4",1121443854216960,0,1,0,19792],["30.20230802 宋代诗歌.mp4",1036081682918432,0,1,0,19792],["31.20230803 元明清诗歌.mp4",435963755473326,0,1,0,19792],["32.20230805 先秦叙事散文.mp4",1105384101223814,0,1,0,19792],["33.20230808 先秦诸子散文.mp4",147967016181073,0,1,0,19792],["34.20230809 《史记》《汉书》.mp4",777640158537783,0,1,0,19792],["35.20230812 两汉+魏晋散文.mp4",266458940741137,0,1,0,19792],["36.20230815 魏晋--南宋文章.mp4",616204455289477,0,1,0,19792],["37.20230817 古文收尾.mp4",599517067274918,0,1,0,19792]],"more":false,"page":1,"pageSize":500}