{"format":"yyc1","data":[["01.20230507一轮01：入门+中西文学文论对比+教材逻辑.mp4",310310000773946,0,1,0,19792],["02.20230513一轮入门02：第七章 文学创造（1）.mp4",169140099287196,0,1,0,19792],["03.20230514 一轮入门03：第七章 文学创造（2）.mp4",1007023052266148,0,1,0,19792],["04.20230517一轮04：第六章 文学创造--精神生产.mp4",1058985399516406,0,1,0,19792],["05.20230527一轮05：第九章 文学作品分类.mp4",765276155177009,0,1,0,19792],["06.20230530一轮06：第八章 文学的价值追求.mp4",801999854754200,0,1,0,19792],["07.20230601 一轮07：第十三章 文学风格.mp4",860692960312833,0,1,0,19792],["08.20230606 一轮08：第十二章 抒情性作品.mp4",1027316046589626,0,1,0,19792],["09.20230610一轮09：第十四章 文学消费+文学接受.mp4",117609570316606,0,1,0,19792],["10.20230618一轮10：最后一章 文学批评.mp4",702960096411375,0,1,0,19792],["11.20230623 一轮11：第六章 文学文本1.mp4",635107511841092,0,1,0,19792],["12.20230703 一轮12：文学文本2意境.mp4",402353155735953,0,1,0,19792],["13.20230706 中段复习 6-7章.mp4",1013480837364632,0,1,0,19792],["14.20230718 文学批评+文学风格 二轮复习.mp4",478880726631246,0,1,0,19792],["15.20230728 马克思主义文论与当代建设.mp4",1070116205733501,0,1,0,19792],["16.20230804 文学作为活动.mp4",607325880731801,0,1,0,19792],["17.20230805 审美意识形态.mp4",822949814956093,0,1,0,19792],["18.20230808 社会主义时期文学活动.mp4",349690732803316,0,1,0,19792],["19.20230811 第一章+柏拉图亚里士多德.mp4",1065510186329725,0,1,0,19792],["20.20230812 叙事性作品+剪辑案例.mp4",943359382901916,0,1,0,19792],["21.20230816 文学接受（马工程集合版）.mp4",1023344836359512,0,1,0,19792]],"more":false,"page":1,"pageSize":500}