{"format":"yyc1","data":[["26.20230704一轮26：韩孟+刘柳.mp4",975725914137297,0,1,0,19809],["27.20230712 一轮27：晚唐诗歌.mp4",4723094533881,0,1,0,19809],["28.20230718 一轮28：唐代诗歌汇总梳理.mp4",780461512636120,0,1,0,19809],["29.20230728 宋代--清代诗歌前续.mp4",422438889747214,0,1,0,19809],["30.20230802 宋代诗歌.mp4",174628183989503,0,1,0,19809],["31.20230803 元明清诗歌.mp4",736614064596836,0,1,0,19809],["32.20230805 先秦叙事散文.mp4",368778201487468,0,1,0,19809],["33.20230808 先秦诸子散文.mp4",52775861686775,0,1,0,19809],["34.20230809 《史记》《汉书》.mp4",909561697182173,0,1,0,19809],["35.20230812 两汉+魏晋散文.mp4",45190705980931,0,1,0,19809],["36.20230815 魏晋--南宋文章.mp4",551762035128153,0,1,0,19809],["37.20230817 古文收尾.mp4",847730643681517,0,1,0,19809]],"more":false,"page":1,"pageSize":500}