{"format":"yyc1","data":[["001.导入：人生关键时期的关键转变.mp4",279298551306605,0,1,0,19813],["003.什么是复盘？透过事件看心智.mp4",951292712589309,0,1,0,19813],["004.重要事件如何进行复盘？探询价值观排序.mp4",707605879678681,0,1,0,19813],["006.最好用的复盘工具-平衡轮详解.mp4",118557363235890,0,1,0,19813],["007.如何开展定期复盘？从复盘到规划_百岁人生.mp4",338701301980362,0,1,0,19813],["008.F1-3 价值观详解.mp4",545560270138390,0,1,0,19813],["010.如何构建个人心智成长阶梯？.mp4",239005038411786,0,1,0,19813],["012.成长的两种逻辑：增长vs生长.mp4",555724120870839,0,1,0,19813],["014.F1-5 心智模式+成长的逻辑串讲.mp4",714289885130409,0,1,0,19813],["015.如何进行生命意图探索？.mp4",225415536314394,0,1,0,19813],["017.如何打造个人发展黄金圈？.mp4",301781913198998,0,1,0,19813],["019.如何发现个人优势？.mp4",96390337666372,0,1,0,19813],["021.如何择一事而行，探询使命？.mp4",1051154455449989,0,1,0,19813],["022.如何把自己作为方法？.mp4",15606721942671,0,1,0,19813],["025.20230810 F2-1  导入.mp4",1053800301701363,0,1,0,19813],["026.20230817 F2-2 理解复盘.mp4",282495740509038,0,1,0,19813],["027.20230824 F2-3 平衡轮.mp4",607242723313773,0,1,0,19813],["028.20230817 F2-2 理解复盘.mp4",193984437035237,0,1,0,19813],["029.20230824 F2-3 平衡轮.mp4",315812681477725,0,1,0,19813],["030.20230831 F2-4 心智阶梯与两种转变.mp4",959046363841176,0,1,0,19813],["031.20230907 F2-5 生命意图.mp4",300669338358804,0,1,0,19813],["032.20230914 F2-6 个人发展黄金圈.mp4",737094982592589,0,1,0,19813],["033.20230928 F2-7 自我优势发掘、使命探询.mp4",725976025637831,0,1,0,19813]],"more":false,"page":1,"pageSize":500}