{"format":"yyc1","data":[["01.20230509一轮01：入门+注意事项+线索逻辑.mp4",268357457675392,0,1,0,19824],["02.20230514 一轮02：荷马史诗与西方文学特性.mp4",66837559836572,0,1,0,19824],["03.20230519一轮03：古希腊+古罗马.mp4",991225914762513,0,1,0,19824],["04.20230525一轮04：中世纪+文艺复兴1.mp4",439343171556532,0,1,0,19824],["05.20230603一轮05：文艺复兴三巨头.mp4",843747825361425,0,1,0,19824],["06.20230610 一轮06：十七世纪文学.mp4",447499316844656,0,1,0,19824],["07.20230615一轮07：18世纪+卢梭歌德.mp4",1023247728182804,0,1,0,19824],["08.20230618一轮08：19世纪外国文学入门.mp4",380463771151057,0,1,0,19824],["09.20230625一轮09：浪漫主义作家1.mp4",534757022169544,0,1,0,19824],["10.20230703一轮10：浪漫主义作家2.mp4",947730410510167,0,1,0,19824],["11.20230705一轮11：现实主义文学1.mp4",1018214765434205,0,1,0,19824],["12.20230712 一轮12：现实主义文学2.mp4",762773968200223,0,1,0,19824],["13.20230719 一轮13：现实主义文学3.mp4",432764125071315,0,1,0,19824],["14.20230720 一轮14：现实主义文学4.mp4",916520208982775,0,1,0,19824],["15.20230730现实主义文学5.mp4",324372791728346,0,1,0,19824],["16.20230801 自然主义、唯美主义、早期象征.mp4",930073263306729,0,1,0,19824],["17.20230804 20世纪现实主义.mp4",390177907172270,0,1,0,19824],["18.20230807 20世纪现实主义作家作品.mp4",987368878963106,0,1,0,19824],["19.20230808 20世纪现实主义文学作家作品2.mp4",521346506322469,0,1,0,19824],["20.20230811 现代主义1.mp4",607434528081175,0,1,0,19824],["21.20230812 现代主义2.mp4",122697626147518,0,1,0,19824],["22.20230815 后现代主义.mp4",250335307484882,0,1,0,19824],["23.20230822 俄苏文学.mp4",1081363925146155,0,1,0,19824],["24.20230824 俄苏--亚非文学（1）.mp4",89761305062526,0,1,0,19824]],"more":false,"page":1,"pageSize":500}