{"format":"yyc1","data":[["01.20230314 一轮01：古代文学全体裁线索梳理.mp4",384521358268240,0,1,0,19824],["02.20230316 一轮02：文学史思路+辞赋（1）.mp4",112021477057175,0,1,0,19824],["03.20230317一轮03：文学史现象+辞赋（2）.mp4",975014582640419,0,1,0,19824],["04.20230324一轮04：题点思考+小说（1）.mp4",1085410676449936,0,1,0,19824],["05.20230305一轮05：理性看待文本+小说（2）.mp4",382988178799803,0,1,0,19824],["06.20230328一轮06 小说（3）.mp4",751367314803444,0,1,0,19824],["07.20230401一轮07：自由论述答题限度+小说（4）.mp4",211185192353404,0,1,0,19824],["08.20230405一轮08：小说（05）.mp4",184460252895178,0,1,0,19824],["09.20230408一轮09：小说收尾.mp4",1100657885488916,0,1,0,19824],["10.20230411一轮10：戏剧（1）唐传奇.mp4",1049316601964933,0,1,0,19824],["11.20230413一轮11：戏剧（2）+答题练习.mp4",902629017211557,0,1,0,19824],["12.20230416一轮12：名词解释+戏剧（3）.mp4",784734318735842,0,1,0,19824],["13.20230418一轮13：戏剧（西厢琵琶牡丹亭）.mp4",742675330686076,0,1,0,19824],["14.20230424 一轮14：戏剧收尾+流变题怎么答.mp4",295655148710243,0,1,0,19824],["15.20230426一轮15：作业讲评+线索回顾+词（1）.mp4",623044997714433,0,1,0,19824],["16.20230511一轮16： 北宋词1.mp4",84618238677311,0,1,0,19824],["17.20230516一轮17：南宋词2.mp4",1019582064359090,0,1,0,19824],["18.20230519一轮18：词收尾+理论讨论.mp4",14430540924027,0,1,0,19824],["19.20230525一轮19：诗经+两汉乐府、文人诗.mp4",1031521050917055,0,1,0,19824],["20.20230530一轮20：魏晋南北朝诗歌1.mp4",3680825901441,0,1,0,19824],["21.20230605一轮21：提问+陶渊明+南北朝民歌.mp4",453458496584365,0,1,0,19824],["22.20230611一轮22：唐代诗歌（纯享勾重点版）.mp4",840929847266678,0,1,0,19824],["23.20230614一轮23：李白.mp4",344875376646612,0,1,0,19824],["24.20230618一轮24：杜甫.mp4",435783792900758,0,1,0,19824],["25.20230701一轮25：白居易.mp4",740957840968614,0,1,0,19824],["26.20230704一轮26：韩孟+刘柳.mp4",869488929147577,0,1,0,19824]],"more":false,"page":1,"pageSize":500}