{"format":"yyc1","data":[["01.20230417现当代01：入门课--现当代基本学习思路及要求.mp4",1051526822330812,0,1,0,19824],["02.20230419现当代02：五四文学革命--第一个十年思潮.mp4",790869896827761,0,1,0,19824],["03.20230421一轮03：第二个十年思潮.mp4",242868390140293,0,1,0,19824],["04.20230425一轮04：第三个十年思潮：《讲话》与胡风.mp4",967542031221162,0,1,0,19824],["05.20230427一轮05：第一个十年小说.mp4",776265441988099,0,1,0,19824],["06.20230504一轮06：郁达夫+沈从文.mp4",862186583907241,0,1,0,19824],["07.20230511一轮07： 鲁迅.mp4",790227155266851,0,1,0,19824],["08.20230516一轮08：茅盾.mp4",447939460808838,0,1,0,19824],["09.20230526一轮09：钱钟书张爱玲.mp4",1053140510082342,0,1,0,19824],["10.20230529一轮10：巴金老舍.mp4",1064275866816505,0,1,0,19824],["11.20230601一轮11：巴金老舍作品+30年代小说.mp4",313975378763579,0,1,0,19824],["12.20230606一轮12：赵树理孙犁.mp4",821238085628585,0,1,0,19824],["13.20230618一轮13：解放区文学+通俗小说+诗歌入门.mp4",368393597812114,0,1,0,19824],["14.20230625一轮14：艾青+17年名词解释+孙频作品.mp4",128559770970667,0,1,0,19824],["15.20230627一轮15：现当代诗歌（全）.mp4",39234480505366,0,1,0,19824],["16.20230703一轮16：现当代戏剧（全）.mp4",685825857568509,0,1,0,19824],["17.20230706一轮17：曹禺.mp4",89817862225583,0,1,0,19824],["18.20230711一轮18：戏剧收尾+散文.mp4",364884685349277,0,1,0,19824]],"more":false,"page":1,"pageSize":500}