{"format":"yyc1","data":[["01.20230702入门：文评重点+逻辑大纲+示例.mp4",274815143750522,0,1,0,19824],["02.20230704 《琵琶行》作业+文章逻辑布局.mp4",41839774721174,0,1,0,19824],["03.20230706现代诗歌.mp4",476651864475192,0,1,0,19824],["04.20230710 散文.mp4",607106039027507,0,1,0,19824],["05.20230713 小说（中文）.mp4",1125222448953609,0,1,0,19824],["06.20230715外文小说.mp4",699890159933931,0,1,0,19824],["07.20230717 纯写作.mp4",59102389106144,0,1,0,19824],["08.20230721材料分析+问题观点+汇总.mp4",615527822724326,0,1,0,19824],["09.20230801【思考】大纲拟定+全文结构+注意事项.mp4",978227558289919,0,1,0,19824]],"more":false,"page":1,"pageSize":500}