{"format":"yyc1","data":[["01.20221120龙形讲义.mp4",22407408790247,0,1,0,19929],["02.20230219龙形，走趟.mp4",617439905304952,0,1,0,19929],["03.20230618龙形，弹起来.mp4",356591131849346,0,1,0,19929],["04.20230625龙形看前手.mp4",1013271701810712,0,1,0,19929],["05.20230226虎形，放好再出.mp4",839567328370878,0,1,0,19929],["06.20230625虎形起步大一些.mp4",497275118966556,0,1,0,19929],["07.20220403猴形讲义.mp4",749807378233363,0,1,0,19929],["08.20230326猴形，转身要快.mp4",569074570530306,0,1,0,19929],["09.20230402猴形讲义，猴子爬竿抢把要快 转身.mp4",1075856740494566,0,1,0,19929],["10.20220403马形讲义.mp4",605749189224153,0,1,0,19929],["11.20230218马形收式.mp4",495680689083223,0,1,0,19929],["12.20230319马形讲义，两种练法.mp4",628962626506870,0,1,0,19929],["13.20230319马形转身.mp4",866608818294630,0,1,0,19929],["14.20230402马形收式.mp4",209027315095116,0,1,0,19929],["15.20230409马形要裹上劲.mp4",514292540441876,0,1,0,19929],["16.20230212鼍形、后手位置.mp4",875547527771031,0,1,0,19929],["17.20230326鼍形.mp4",915846902564997,0,1,0,19929],["18.20230402鼍形，手出去再翻 手出去是平的.mp4",673279932090786,0,1,0,19929],["19.20230416鼍形讲义.mp4",603773567892903,0,1,0,19929],["20.20230424鼍形看手.mp4",836344416477076,0,1,0,19929],["21.20220403鸡形讲义.mp4",430382544908202,0,1,0,19929],["22.20230416鸡形讲义.mp4",879405444047611,0,1,0,19929],["23.20230424鸡形，金鸡束身.mp4",826337928297396,0,1,0,19929],["24.20230625鸡形金鸡独立脚别太高.mp4",1090512775485700,0,1,0,19929],["25.20230604鹞形讲义.mp4",328817234514259,0,1,0,19929],["26.20230528燕形讲义.mp4",406001820619506,0,1,0,19929],["27.20230604燕形讲义.mp4",834336045898742,0,1,0,19929],["28.20230625燕形跳远点.mp4",854282207815682,0,1,0,19929],["29.20230319蛇形穿掌.mp4",81151260924733,0,1,0,19929],["30.20230618蛇形掩裆.mp4",224660197542025,0,1,0,19929],["31.20230625蛇形步子大一些.mp4",828918633676560,0,1,0,19929],["32.20221120鸟台形讲义.mp4",576649707461450,0,1,0,19929],["33.20230326鸟台形，裹好再出.mp4",316495089586381,0,1,0,19929],["34.20230625鸟台形起式.mp4",164089300970772,0,1,0,19929],["35.20230625鹰形，抓努之式.mp4",1125674609881089,0,1,0,19929],["36.20230212熊形讲义.mp4",128772098179486,0,1,0,19929]],"more":false,"page":1,"pageSize":500}