{"format":"yyc1","data":[["0.20230930.mp4",366187934382406,0,1,0,19938],["1.20230929-02.mp4",320897790326098,0,1,0,19938],["10.20230925-02.mp4",689668432796412,0,1,0,19938],["11.20230925-01.mp4",448067794576115,0,1,0,19938],["2.20230929-01.mp4",845006342654411,0,1,0,19938],["3.20230928-02.mp4",1112284471131623,0,1,0,19938],["4.20230928-01.mp4",303197232640834,0,1,0,19938],["5.20230927-03.mp4",617735758127688,0,1,0,19938],["6.20230927-02.mp4",1031175344696509,0,1,0,19938],["7.20230927-01.mp4",131555391369988,0,1,0,19938],["8.20230926-02.mp4",521103309494046,0,1,0,19938],["9.20230926-01.mp4",653160538871278,0,1,0,19938]],"more":false,"page":1,"pageSize":500}