{"format":"yyc1","data":[["01.20230520增额寿10套体系完整版.mp4",375414737230822,0,1,0,19937],["02.20230520增额寿涨价体系.mp4",995984234470362,0,1,0,19937],["03.20230520增额寿超想保体系.mp4",161465247702926,0,1,0,19937],["04.20230520增额寿数字促成体系.mp4",976422613084864,0,1,0,19937]],"more":false,"page":1,"pageSize":500}