{"format":"yyc1","data":[["001.20240302——陈竑廷（上）.mp4",79744130345434,0,1,0,20005],["002.20240302——陈竑廷（下）.mp4",205831186234198,0,1,0,20005],["003.20240303——JACK（上）.mp4",249529820228692,0,1,0,20005],["004.20240303——JACK（下）.mp4",1059900953947430,0,1,0,20005]],"more":false,"page":1,"pageSize":500}