{"format":"yyc1","data":[["001.20240727081244-唤醒直觉公开课-视频.mp4",264514068216195,0,1,0,20009],["002.第六课唤醒直觉-视频-1.mp4",849259429417154,0,1,0,20009],["003.第四次拆解0925唤醒直觉-.mp4",424008027379976,0,1,0,20009],["004.第四次辅导唤醒直觉.mp4",1035117205308059,0,1,0,20009],["005.20240923195541-唤醒直觉-视频-1.mp4",323633816920374,0,1,0,20009],["006.第五次复盘唤醒直觉-视频-1.mp4",922957171572452,0,1,0,20009],["007.第5课-唤醒直觉-视频-1.mp4",368520016796568,0,1,0,20009],["008.第三次辅导-唤醒直觉.mp4",706803334100918,0,1,0,20009],["009.第三次拆解唤醒直觉.mp4",303335469561447,0,1,0,20009],["010.第四课唤醒直觉-.mp4",422157537747359,0,1,0,20009],["011.辅导第二次D组唤醒直觉-.mp4",509798439940987,0,1,0,20009],["012.第二次辅导C组唤醒直觉.mp4",244141343592114,0,1,0,20009],["013.唤醒直觉-第二次拆解.mp4",61820670378477,0,1,0,20009],["014.复盘1第三课唤醒直觉.mp4",840385669284263,0,1,0,20009],["015.第三课-唤醒直觉-.mp4",465557774045092,0,1,0,20009],["016.AB组第一次辅导唤醒直觉-视频-1.mp4",454575466726947,0,1,0,20009],["017.20240904203511-唤醒直觉-视频-1.mp4",357306383303855,0,1,0,20009],["018.第二课复盘1唤醒直觉.mp4",4929672814097,0,1,0,20009],["019.第二课复盘2-唤醒直觉-.mp4",11653063065561,0,1,0,20009],["020.第2课 唤醒直觉.mp4",591453935532449,0,1,0,20009],["021.第一课复盘2唤醒直觉.mp4",449361498351096,0,1,0,20009],["022.第一课复盘1唤醒直觉-.mp4",12524004171636,0,1,0,20009],["023.第一课-唤醒直觉.mp4",1009754723498289,0,1,0,20009]],"more":false,"page":1,"pageSize":500}