{"format":"yyc1","data":[["01.0725 W1T1诗歌鉴赏逐人讲解.mp4",508547502793142,0,1,0,19792],["02.0730W1T2集中讲解.mp4",801332401354630,0,1,0,19792],["03.20230802 W2T1作业逐人讲解.mp4",641858762920209,0,1,0,19792],["04.0804 【集训】W2T2逐人讲解.mp4",922173903242712,0,1,0,19792],["05.20230809 W3T1集中+逐人讲解.mp4",306785998338354,0,1,0,19792],["06.20230816 W4T1逐人讲解.mp4",456670425005697,0,1,0,19792],["07.20230818 W3T2逐人讲解.mp4",598704599013100,0,1,0,19792],["08.20230820 当代关键词+论文品读.mp4",623079574326975,0,1,0,19792],["09.20230828 W5T2创意写作：剧本.mp4",1102879178052569,0,1,0,19792]],"more":false,"page":1,"pageSize":500}