{"format":"yyc1","data":[["【资料】Krenz-基础透视与结构-13期",882805995769923,1,6,0,19793],["1.230802 Krenz-透视13期-入学典礼_3.mp4",1031964465445947,0,1,0,19793],["1.230802 Krenz-透视13期-入学典礼_5.mp4",528471357356881,0,1,0,19793],["1.230802 Krenz-透视13期-入学典礼_7.mp4",953384825220607,0,1,0,19793],["10.透视13期-PS钢笔工具使用.mp4",286296247635404,0,1,0,19793],["11.透视13期-L1补充-作业攻略-作业解说及常见问题.mp4",580740126731887,0,1,0,19793],["12.230811 透视13期-第二堂课-室内空间与人物_3.mp4",606913141384544,0,1,0,19793],["13.透视13期-L2补充-作业攻略-作业解说及常见问题.mp4",881369151787910,0,1,0,19793],["14.230818 透视13期-第三堂课-场景角度切换_2.mp4",135295258064722,0,1,0,19793],["15.透视13期-L3 A01 补充-作业攻略-作业解说及常见问题.mp4",898899701295961,0,1,0,19793],["16.透视13期-L3 A02 补充-作业攻略-作业解说及常见问题.mp4",723932967099443,0,1,0,19793],["17.230825 透视13期-第四堂课-距离感与景深建立_2.mp4",165331676864119,0,1,0,19793],["18.透视13期-L4 补充-作业攻略-作业解说及常见问题.mp4",1051443390466901,0,1,0,19793],["19.230901 透视13期-第五堂课-人物抓型_2.mp4",708427864191931,0,1,0,19793],["2.4. 透视11期-Procreate透视辅助工具使用手册.mp4",589102522128362,0,1,0,19793],["20.透视13期-L5补充-作业攻略-作业解说及常见问题.mp4",631124785807385,0,1,0,19793],["21.230908 透视13期-第六堂课-人物三视图_2.mp4",902813369749280,0,1,0,19793],["22.透视13期-L6补充-作业攻略-作业解说及常见问题.mp4",965085986113963,0,1,0,19793],["23.230915 透视13期-第七堂课-人物组件旋转拼接_2.mp4",382635497314390,0,1,0,19793],["24.透视13期-L7补充-作业攻略-作业解说及常见问题.mp4",1095101666749855,0,1,0,19793],["25.230922 透视13期-第八堂课-透视技巧整合_3.mp4",928853254275659,0,1,0,19793],["26.透视13期-L8补充-作业攻略-作业解说及常见问题.mp4",846726555957727,0,1,0,19793],["3.7. 透视11期-Procreate如何绘制正45度方块、笔刷问题.mp4",103652702175381,0,1,0,19793],["4.5. 透视11期-Procreate贴图工具使用.mp4",1059595118668568,0,1,0,19793],["5.1. 透视11期-Procreate基础界面介绍.mp4",545262655232526,0,1,0,19793],["6.6. 透视11期-Procreate笔刷使用.mp4",99912689760158,0,1,0,19793],["7.2. 透视11期-Procreate画布大小的调整.mp4",459340151126539,0,1,0,19793],["8.3. 透视11期-Procreate手势操作介绍.mp4",351481704561135,0,1,0,19793],["9.230804 透视13期-第一堂课-课程导览与透视基础_2.mp4",730015585968007,0,1,0,19793]],"more":false,"page":1,"pageSize":500}