{"format":"yyc1","data":[["音视频文档",287928860373348,1,6,0,19793],["001.20230711-直感教练成长营20-前行.mp4",556038646003588,0,1,0,19793],["002.20230627-直感教练成长营19-暂停.mp4",696428075258568,0,1,0,19793],["003.20230620-直感教练成长营18-推动.mp4",241549199959302,0,1,0,19793],["004.20230613-直感教练成长营17-行动.mp4",828862688023779,0,1,0,19793],["005.20230606-直感教练成长营16-信念3.mp4",511115000983505,0,1,0,19793],["006.20230530-直感教练成长营15-信念2.mp4",794989256087742,0,1,0,19793],["007.20230523-直感教练成长营14-信念1.mp4",783370888046883,0,1,0,19793],["008.20230516-直感教练成长营13-探索问句.mp4",599726188680486,0,1,0,19793],["009.20230509-直感教练成长营12-火把教练.mp4",858083386692555,0,1,0,19793],["010.20230425-直感教练成长营11-卡牌在教练中的应用.mp4",490740021820346,0,1,0,19793],["011.20230411-直感教练成长营10-表达方式.mp4",382136416419162,0,1,0,19793],["012.20230404-直感教练成长营9-力量.mp4",1105998956426840,0,1,0,19793],["013.20230328-直感教练成长营8-寻找心仪提问.mp4",22682165531224,0,1,0,19793],["014.20230314-直感教练成长营7-奇迹.mp4",633864648237352,0,1,0,19793],["015.20230307-直感教練成長營6-清晰.mp4",130188386235674,0,1,0,19793],["016.20230301 答疑 达成目标是谁的责任.mp4",859771295154621,0,1,0,19793],["017.20230228-直感教练成长营5-资源.mp4",181735945752736,0,1,0,19793],["018.20230221-直感教练成长营4-目标.mp4",993945561103984,0,1,0,19793],["019.20230214-直感教练成长营3-倾听.mp4",241541007369930,0,1,0,19793],["020.20230207-直感教练成长营2-连结.mp4",550883789656956,0,1,0,19793],["021.20230131-直感教练成长营1-觉察.mp4",923533025570922,0,1,0,19793]],"more":false,"page":1,"pageSize":5000}