{"format":"yyc1","data":[["01.9-01模板-常规课时教案20221020.docx",418585149364960,0,4,0,19794],["02.5-03模板-大单元教学设计表-参考案例赵麒麟.pdf",695011982727735,0,4,0,19794],["03.四天训练营-常规课时教案-参考说明.pdf",192314498863647,0,4,0,19794],["04.20180116教育部《普通高中美术课程标准》.docx",589220903386180,0,4,0,19794],["05.5-03模板-大单元教学设计表-参考案例沈从文.pdf",857593922188945,0,4,0,19794],["06.20211125三维目标案例与分析图.pdf",676743752210446,0,4,0,19794],["07.6-02英特尔未来教育-框架问题设计.pdf",175620550313233,0,4,0,19794],["08.6-01资料200309从美术教学的难度与深度说开去.pdf",956966827606984,0,4,0,19794],["09.6-07“单眼观察法”及其生理机制-王大根.pdf",641837932271780,0,4,0,19794],["10.6-03金文娟-时间在流逝.pdf",104478426512150,0,4,0,19794],["11.9-03模板-大单元教学设计表.docx",981260011472142,0,4,0,19794]],"more":false,"page":1,"pageSize":5000}