{"format":"yyc1","data":[["01.102022 PT EVERYONE IS YOU2 WM.pdf",983829611231757,0,4,0,19807],["02.102022 PT EVERYONE IS YOU2 WM.pdf",682295942487460,0,4,0,19807]],"more":false,"page":1,"pageSize":5000}