{"format":"yyc1","data":[["01.042022 PT CLEARING BLOCKS TO USING LOVE IN SRT R1(2).pdf",67418428924671,0,4,0,19807],["02.042022 PT CLEARING BLOCKS TO USING LOVE IN SRT R1(2).pdf",552774265547756,0,4,0,19807]],"more":false,"page":1,"pageSize":5000}