{"format":"yyc1","data":[["01.062022 PT INTENTION AND SPIRITUAL FREEDOM (1)R.pdf",1091546561617911,0,4,0,19807],["02.062022 PT INTENTION AND SPIRITUAL FREEDOM (1)R.pdf",282651681192183,0,4,0,19807]],"more":false,"page":1,"pageSize":5000}