{"format":"yyc1","data":[["01.80611678201448_.pic.jpg",762808566676066,0,3,0,19807],["02.80621678201449_.pic.jpg",1046629897348548,0,3,0,19807],["03.80601678201447_.pic_hd.jpg",1067641837423169,0,3,0,19807],["04.80611678201448_.pic.jpg",1038230372868242,0,3,0,19807],["05.80621678201449_.pic.jpg",597636174953536,0,3,0,19807],["06.80601678201447_.pic_hd.jpg",997841452425521,0,3,0,19807]],"more":false,"page":1,"pageSize":5000}