{"format":"yyc1","data":[["01.032022 WHY SRT DOESN'T WORK-EN CN with w.pdf",314966682805024,0,4,0,19807],["02.032022 WHY SRT DOESN'T WORK-EN CN with w.pdf",928558638958556,0,4,0,19807]],"more":false,"page":1,"pageSize":5000}