{"format":"yyc1","data":[["01.112022 Limiting Habits (1)WM (1).pdf",721007750434476,0,4,0,19807],["02.112022 Limiting Habits (1)WM (1).pdf",810598615153404,0,4,0,19807]],"more":false,"page":1,"pageSize":5000}