{"format":"yyc1","data":[["01.092022 PT PEACE AND AWARENESS-CN WM.pdf",658500747329654,0,4,0,19807],["02.092022 PT PEACE AND AWARENESS-CN WM.pdf",324933296620644,0,4,0,19807]],"more":false,"page":1,"pageSize":5000}