{"format":"yyc1","data":[["01.四天训练营-常规课时教案-参考说明.pdf",733581552793725,0,4,0,19926],["02.5-03模板-大单元教学设计表-参考案例沈从文.pdf",883804072460058,0,4,0,19926],["03.5-03模板-大单元教学设计表-参考案例赵麒麟.pdf",957284484118553,0,4,0,19926],["04.20180116教育部《普通高中美术课程标准》.docx",136457882624615,0,4,0,19926],["05.20211125三维目标案例与分析图.pdf",359058812494381,0,4,0,19926],["06.6-01资料200309从美术教学的难度与深度说开去.pdf",519858411414604,0,4,0,19926],["07.6-02英特尔未来教育-框架问题设计.pdf",618679774223667,0,4,0,19926],["08.6-03金文娟-时间在流逝.pdf",746889474056210,0,4,0,19926],["09.6-07“单眼观察法”及其生理机制-王大根.pdf",686486620630354,0,4,0,19926],["10.9-01模板-常规课时教案20221020.docx",316627479407446,0,4,0,19926],["11.9-03模板-大单元教学设计表.docx",827143863579234,0,4,0,19926]],"more":false,"page":1,"pageSize":5000}