{"format":"yyc1","data":[["01.81629000_1672372170【网课代找V：ossssoooo（免费更新】.png",947726487052191,0,3,0,19811],["02.4120300_1672370728【网课代找V：ossssoooo（免费更新】.png",97389203545077,0,3,0,19811],["03.48986700_1672368861【网课代找V：ossssoooo（免费更新】.png",347782791989185,0,3,0,19811]],"more":false,"page":1,"pageSize":5000}