{"format":"yyc1","data":[["01.25865300_1672456681【网课代找V：ossssoooo（免费更新】.png",127132040487351,0,3,0,19811],["02.64264900_1672457845【网课代找V：ossssoooo（免费更新】.png",103896497995345,0,3,0,19811]],"more":false,"page":1,"pageSize":5000}