{"format":"yyc1","data":[["001.ps软件基础操作.mp4",990108656164543,0,1,0,19933],["002.优动漫（csp）软件基础操作.mp4",883816435302338,0,1,0,19933],["003.procreate软件基础操作.mp4",733196715527418,0,1,0,19933],["004.sai软件基础操作.mp4",999844679098211,0,1,0,19933],["005.AutodeskSketchBook基础教程.mp4",378794583043589,0,1,0,19933],["006.素描课01-素描基础知识和入门.mp4",1052837127932738,0,1,0,19933],["007.素描课02-几何体素描.mp4",685890642144479,0,1,0,19933],["008.素描课03-透视基础知识.mp4",900502855446357,0,1,0,19933],["009.素描课04-静物素描教程（上）.mp4",934999714409887,0,1,0,19933],["010.素描课05-静物素描教程（中）.mp4",889546386192008,0,1,0,19933],["011.素描课06-静物素描教程（下）.mp4",72732878513670,0,1,0,19933],["012.副本课堂-素描基础石膏绘制（嘴）.mp4",541314643269242,0,1,0,19933],["013.素描课07-头部五官素描（眼与眉）.mp4",100834087007722,0,1,0,19933],["014.素描课08-头部五官素描（鼻与口）.mp4",1068047130534927,0,1,0,19933],["015.素描课09-头部五官素描（耳）.mp4",655291375881093,0,1,0,19933],["016.素描课10-衣着布褶素描教程.mp4",886086755041156,0,1,0,19933],["017.素描课11-人物头像素描教程（上）.mp4",399250394099367,0,1,0,19933],["018.素描课12-人物头像素描教程（下）.mp4",631169420759169,0,1,0,19933],["019.素描课13-动物素描教程.mp4",364864216715500,0,1,0,19933],["020.色彩课01-三原色＆混色.mp4",9674130458145,0,1,0,19933],["021.色彩课02-十二色相环＆对比色＆邻近色.mp4",539709974045963,0,1,0,19933],["022.色彩课03-色彩三要素.mp4",583058551606628,0,1,0,19933],["023.色彩课04-色彩对比.mp4",736485003028880,0,1,0,19933],["024.学习路径01-线条练习.mp4",147582510757463,0,1,0,19933],["025.学习路径02抓形方法.mp4",743785687646735,0,1,0,19933],["026.学习路径03-临摹方法.mp4",591472551364912,0,1,0,19933],["027.学习路径04-临摹如何像原创转变.mp4",452978448526606,0,1,0,19933],["028.学习路径05-如何将练习变为自己的作品.mp4",793067984061387,0,1,0,19933],["029.学习路径06-几何练习如何运用到人体中.mp4",675251655064967,0,1,0,19933],["030.学习路径07-正确的学习心态.mp4",956965289242526,0,1,0,19933],["031.20240117-软件基础课-PS.mp4",210605597110125,0,1,0,19933],["032.20240116-软件基础课-SAI.mp4",243291417496752,0,1,0,19933],["033.软件基础课-画世界.mp4",864571345794372,0,1,0,19933],["034.软件基础课-procreate.mp4",276804657602051,0,1,0,19933]],"more":false,"page":1,"pageSize":5000}