{"format":"yyc1","data":[["01.20230507一轮01：入门+中西文学文论对比+教材逻辑.mp4",413483810929836,0,1,0,19925],["02.20230513一轮入门02：第七章 文学创造（1）.mp4",679932534766087,0,1,0,19925],["03.20230514 一轮入门03：第七章 文学创造（2）.mp4",577449824448690,0,1,0,19925],["04.20230517一轮04：第六章 文学创造--精神生产.mp4",156463786454127,0,1,0,19925],["05.20230527一轮05：第九章 文学作品分类.mp4",1041891987399536,0,1,0,19925],["06.20230530一轮06：第八章 文学的价值追求.mp4",412868777402798,0,1,0,19925],["07.20230601 一轮07：第十三章 文学风格.mp4",817780174654639,0,1,0,19925],["08.20230606 一轮08：第十二章 抒情性作品.mp4",132063300398342,0,1,0,19925],["09.20230610一轮09：第十四章 文学消费+文学接受.mp4",1120063882859061,0,1,0,19925],["10.20230618一轮10：最后一章 文学批评.mp4",142340568221483,0,1,0,19925],["11.20230623 一轮11：第六章 文学文本1.mp4",73864236541511,0,1,0,19925],["12.20230703 一轮12：文学文本2意境.mp4",687495135620404,0,1,0,19925],["13.20230706 中段复习 6-7章.mp4",248861426301840,0,1,0,19925],["14.20230718 文学批评+文学风格 二轮复习.mp4",245920289007332,0,1,0,19925],["15.20230728 马克思主义文论与当代建设.mp4",491031309050991,0,1,0,19925],["16.20230804 文学作为活动.mp4",249266238008559,0,1,0,19925],["17.20230805 审美意识形态.mp4",917805211260103,0,1,0,19925],["18.20230808 社会主义时期文学活动.mp4",609432201122449,0,1,0,19925],["19.20230811 第一章+柏拉图亚里士多德.mp4",986673349113509,0,1,0,19925],["20.20230812 叙事性作品+剪辑案例.mp4",59617959953904,0,1,0,19925],["21.20230816 文学接受（马工程集合版）.mp4",737183657508671,0,1,0,19925]],"more":false,"page":1,"pageSize":500}