{"format":"yyc1","data":[["董老板直播录屏",993443179962750,1,6,0,20009],["1.单品1.mp4",686820105160246,0,1,0,20009],["2.单品2.mp4",1092313309592850,0,1,0,20009],["3.20240629_010427.mp4",624919627069274,0,1,0,20009],["4.20240629_140405.mp4",48653805480019,0,1,0,20009],["5.20240629_200145.mp4",235625268256231,0,1,0,20009],["6.20240630_110314.mp4",968182644313343,0,1,0,20009],["短视频讲稿.pptx",968214906162822,0,4,0,20009],["直播间搭建课件.pdf",1087283321816488,0,4,0,20009],["直播留人话术Tips.pdf",132558438847985,0,4,0,20009],["主播.pdf",563496910362902,0,4,0,20009],["主播话术合集.pdf",749539861562399,0,4,0,20009]],"more":false,"page":1,"pageSize":5000}