{"format":"yyc1","data":[["001.20231016 婚礼小白从0-1接单 @橙子 _ 婚礼团队离职单飞 转型之路 @星星.mp4",316118406083245,0,1,0,19928],["002.20231010 第2期结营仪式.mp4",35813011861388,0,1,0,19928],["003.20230710 第1节课：开营仪式.mp4",70142862843395,0,1,0,19928],["004.20230712 作业点评第1节课：竞品分析.mp4",379531245729990,0,1,0,19928],["005.20230713 第2节课：场景&模特.mp4",1108408115567239,0,1,0,19928],["006.20230717 第3-1节课：服装.mp4",849211202531275,0,1,0,19928],["007.20230718 第3-2节课：化妆&道具.mp4",785486644223470,0,1,0,19928],["008.20230720 作业点评第2节：样片策划.mp4",21998284430870,0,1,0,19928],["009.20230724 第4节课：电影感拍摄思路.mp4",440599362277801,0,1,0,19928],["010.20230727 作业点评第3节课：恋恋笔记本.mp4",123099840596722,0,1,0,19928],["011.20230731 第5节课：后期调色.mp4",95381370770675,0,1,0,19928],["012.20230803 第6节课：高转化销售技巧.mp4",106223056454157,0,1,0,19928],["013.20230807 第7节课：合同签署&摄前沟通.mp4",565501876758674,0,1,0,19928],["014.20230810 第8节课：客情维护&客诉处理.mp4",973552379793161,0,1,0,19928],["015.20230814 作业点评第4节课：样片点评.mp4",429227396909884,0,1,0,19928],["016.20230817 第9节课：婚庆合作@长安.mp4",884171179593211,0,1,0,19928],["017.20230821 第10节课：场布拍摄@长安.mp4",1074741853638270,0,1,0,19928],["018.20230824 作业点评第5节课：场布 @长安.mp4",712227935815313,0,1,0,19928],["019.20230828 第11节课：领证跟拍.mp4",567136403065279,0,1,0,19928],["020.20230831 加餐课：婚礼客单价1w5的秘诀 @华树.mp4",371612280968683,0,1,0,19928],["021.20230906 作业点评第6节：婚礼作品 @奇祥 （梁柱、老李、壹然、凌晨、帅帅）.mp4",887603928125329,0,1,0,19928],["022.20230911 作业点评第7节：婚礼作品 @奇祥 （山寺、马里奥、凌晨、梧桐、金子）.mp4",51669019601384,0,1,0,19928],["023.20230913 作业点评第8节：婚礼作品 @奇祥 （阿帮、997、泳琪、阿慧、小杜）.mp4",106629397194659,0,1,0,19928],["024.20230914 加餐课第2节：单人礼服实拍讲解.mp4",574191916767806,0,1,0,19928],["025.20230918 作业点评第9节：婚礼作品 @奇祥 （老郭、李维、小E、橙橙、顾明昊）.mp4",290534679855771,0,1,0,19928],["026.20230920 作业点评第10节：婚礼作品 @奇祥 （芒芒、小与、斌祺、三卉）.mp4",116401223009191,0,1,0,19928],["027.20230921 第12节课：传统婚礼-婚房拍摄.mp4",885409708241133,0,1,0,19928],["028.20230926 作业点评第11节：婚纱作品 @托尼（Steven、壹然）.mp4",583521483577789,0,1,0,19928],["029.20230927 作业点评第12节：婚礼作品点评 @奇祥 （博雅、南望、花卷）.mp4",684184811646108,0,1,0,19928],["030.20230927 作业点评第13节：领证作品点评 @奇祥 （沐酱、念乐、飞哥、久理）.mp4",239637424391434,0,1,0,19928],["031.第4节课：内景实拍.mp4",792590516156935,0,1,0,19928],["032.第5节课：外景实拍.mp4",1098647614738121,0,1,0,19928],["033.20230511 传统婚礼 @原禾-Ada.mp4",509089755268291,0,1,0,19928],["034.20230515 小众婚礼 @攸酱.mp4",246143079668400,0,1,0,19928],["035.20230709 加餐课2_ 小红书运营课 @攸酱.mp4",652430237409972,0,1,0,19928]],"more":false,"page":1,"pageSize":500}