{"format":"yyc1","data":[["001.20201027-4 ATM3：架桥-音频.mp3",879828863078642,0,2,0,19926],["002.20201027-3 ATM2：侧躺，手腿配合进行脊椎扭转-音频.mp3",1060404444215505,0,2,0,19926],["003.20201027-2 ATM1：协调伸肌和屈肌-音频.mp3",329912618785777,0,2,0,19926],["004.20201027-1 问题解答-音频.mp3",579121367033144,0,2,0,19926],["005.20201027-4 ATM3：架桥-视频.mp4",508198289464799,0,1,0,19926],["006.20201027-3 ATM2：侧躺，手腿配合进行脊椎扭转-视频.mp4",887719169553435,0,1,0,19926],["007.20201027-2 ATM1：协调伸肌和屈肌-视频.mp4",907490187672106,0,1,0,19926],["008.20201027-1 问题解答-视频.mp4",816390845269565,0,1,0,19926],["009.20201026-5 分享讲解（2）-音频.mp3",13688213952685,0,2,0,19926],["010.20201026-4 ATM3：婴儿翻滚-音频.mp3",687830940464053,0,2,0,19926],["011.20201026-3 ATM2：脚跟画圆-音频.mp3",986025882693810,0,2,0,19926],["012.20201026-2 分享讲解（1）-音频.mp3",133524331831414,0,2,0,19926],["013.20201026-1 ATM1：趴着，抬腿扭转翻身-音频.mp3",246218830750369,0,2,0,19926],["014.20201026-5 分享讲解（2）-视频.mp4",267881606604433,0,1,0,19926],["015.20201026-4 ATM3：婴儿翻滚-视频.mp4",467488222984424,0,1,0,19926],["016.20201026-3 ATM2：脚跟画圆-视频.mp4",520978707169613,0,1,0,19926],["017.20201026-2 分享讲解（1）-视频.mp4",99828024426696,0,1,0,19926],["018.20201026-1 ATM1：趴着，抬腿扭转翻身-视频.mp4",441090701031387,0,1,0,19926],["019.20201025-4 ATM3：肩膀和手臂（3）-音频.mp3",1051575922951992,0,2,0,19926],["020.20201025-3 分享讲解-音频.mp3",501847217710123,0,2,0,19926],["021.20201025-2 ATMT2：肩膀和手臂（2）-音频.mp3",639424283840629,0,2,0,19926],["022.20201025-1 ATM1：肩膀和手臂（1）-音频.mp3",138741645555711,0,2,0,19926],["023.20201025-4 ATM3：肩膀和手臂（3）-视频.mp4",217679219616185,0,1,0,19926],["024.20201025-3 分享讲解-视频.mp4",161744692379528,0,1,0,19926],["025.20201025-2 ATMT2：肩膀和手臂（2）-视频.mp4",356658309930289,0,1,0,19926],["026.20201025-1 ATM1：肩膀和手臂（1）-视频.mp4",189548672937632,0,1,0,19926],["027.20201024-3 ATM3：肩与骨盆相互靠近-音频.mp3",747082512305848,0,2,0,19926],["028.20201024-2 ATM2：侧卧，肩膀向后转-音频.mp3",519416931344366,0,2,0,19926],["029.20201024-1 ATM1：正躺，手向下伸向脚-音频.mp3",291789439878688,0,2,0,19926],["030.20200124-前言-音频.mp3",158222254312792,0,2,0,19926],["031.20201024-3 ATM3：肩与骨盆相互靠近-视频.mp4",847568237224693,0,1,0,19926],["032.20201024-2 ATM2：侧卧，肩膀向后转-视频.mp4",492814016969006,0,1,0,19926],["033.20201024-1 ATM1：正躺，手向下伸向脚-视频.mp4",183993818945772,0,1,0,19926],["034.20200124-前言-视频.mp4",569418619323737,0,1,0,19926]],"more":false,"page":1,"pageSize":500}