{"format":"yyc1","data":[["01.0725 W1T1诗歌鉴赏逐人讲解.mp4",441372036159643,0,1,0,20011],["02.0730W1T2集中讲解.mp4",727068134270843,0,1,0,20011],["03.20230802 W2T1作业逐人讲解.mp4",1043805055108403,0,1,0,20011],["04.0804 【集训】W2T2逐人讲解.mp4",1113688405483410,0,1,0,20011],["05.20230809 W3T1集中+逐人讲解.mp4",304075007327476,0,1,0,20011],["06.20230816 W4T1逐人讲解.mp4",713491994845903,0,1,0,20011],["07.20230818 W3T2逐人讲解.mp4",276642406844372,0,1,0,20011],["08.20230820 当代关键词+论文品读.mp4",525278169299813,0,1,0,20011],["09.20230828 W5T2创意写作：剧本.mp4",621977993606949,0,1,0,20011]],"more":false,"page":1,"pageSize":5000}