{"format":"yyc1","data":[["01.20230507一轮01：入门+中西文学文论对比+教材逻辑.mp4",448968907538306,0,1,0,20011],["02.20230513一轮入门02：第七章 文学创造（1）.mp4",361166792670936,0,1,0,20011],["03.20230514 一轮入门03：第七章 文学创造（2）.mp4",1105428416361926,0,1,0,20011],["04.20230517一轮04：第六章 文学创造--精神生产.mp4",439418369717184,0,1,0,20011],["05.20230527一轮05：第九章 文学作品分类.mp4",608931145980850,0,1,0,20011],["06.20230530一轮06：第八章 文学的价值追求.mp4",38867398791924,0,1,0,20011],["07.20230601 一轮07：第十三章 文学风格.mp4",552112448103012,0,1,0,20011],["08.20230606 一轮08：第十二章 抒情性作品.mp4",561183675771551,0,1,0,20011],["09.20230610一轮09：第十四章 文学消费+文学接受.mp4",937423309724514,0,1,0,20011],["10.20230618一轮10：最后一章 文学批评.mp4",405045742307230,0,1,0,20011],["11.20230623 一轮11：第六章 文学文本1.mp4",667353290297216,0,1,0,20011],["12.20230703 一轮12：文学文本2意境.mp4",752192179365197,0,1,0,20011],["13.20230706 中段复习 6-7章.mp4",810028675197722,0,1,0,20011],["14.20230718 文学批评+文学风格 二轮复习.mp4",721638026296408,0,1,0,20011],["15.20230728 马克思主义文论与当代建设.mp4",466634644111809,0,1,0,20011],["16.20230804 文学作为活动.mp4",211648075096615,0,1,0,20011],["17.20230805 审美意识形态.mp4",931921270486764,0,1,0,20011],["18.20230808 社会主义时期文学活动.mp4",1109119214794471,0,1,0,20011],["19.20230811 第一章+柏拉图亚里士多德.mp4",93764944344533,0,1,0,20011],["20.20230812 叙事性作品+剪辑案例.mp4",372916701199533,0,1,0,20011],["21.20230816 文学接受（马工程集合版）.mp4",577969611892474,0,1,0,20011]],"more":false,"page":1,"pageSize":5000}