{"format":"yyc1","data":[["01.20230417现当代01：入门课--现当代基本学习思路及要求.mp4",599852825552259,0,1,0,20011],["02.20230419现当代02：五四文学革命--第一个十年思潮.mp4",586686589973313,0,1,0,20011],["03.20230421一轮03：第二个十年思潮.mp4",605459043065077,0,1,0,20011],["04.20230425一轮04：第三个十年思潮：《讲话》与胡风.mp4",669438631326791,0,1,0,20011],["05.20230427一轮05：第一个十年小说.mp4",1102089661908704,0,1,0,20011],["06.20230504一轮06：郁达夫+沈从文.mp4",866987609219830,0,1,0,20011],["07.20230511一轮07： 鲁迅.mp4",1071790342208870,0,1,0,20011],["08.20230516一轮08：茅盾.mp4",488934895861796,0,1,0,20011],["09.20230526一轮09：钱钟书张爱玲.mp4",413499423387448,0,1,0,20011],["10.20230529一轮10：巴金老舍.mp4",885201195489314,0,1,0,20011],["11.20230601一轮11：巴金老舍作品+30年代小说.mp4",1042033010306516,0,1,0,20011],["12.20230606一轮12：赵树理孙犁.mp4",470148904920402,0,1,0,20011],["13.20230618一轮13：解放区文学+通俗小说+诗歌入门.mp4",647436579596797,0,1,0,20011],["14.20230625一轮14：艾青+17年名词解释+孙频作品.mp4",115521669719259,0,1,0,20011],["15.20230627一轮15：现当代诗歌（全）.mp4",470795514550394,0,1,0,20011],["16.20230703一轮16：现当代戏剧（全）.mp4",118172347774638,0,1,0,20011],["17.20230706一轮17：曹禺.mp4",462032564483500,0,1,0,20011],["18.20230711一轮18：戏剧收尾+散文.mp4",794708183595110,0,1,0,20011],["19.20230717 散文.mp4",512306195923543,0,1,0,20011],["20.20230727 五六十年代小说.mp4",938355866989223,0,1,0,20011],["21.20230801 八十年代小说.mp4",749660169986109,0,1,0,20011],["22.20230803 现当代九十年代小说收尾.mp4",23843593686655,0,1,0,20011]],"more":false,"page":1,"pageSize":5000}