{"format":"yyc1","data":[["01.20230314 一轮01：古代文学全体裁线索梳理.mp4",1117964388337688,0,1,0,20011],["02.20230316 一轮02：文学史思路+辞赋（1）.mp4",421616288820433,0,1,0,20011],["03.20230317一轮03：文学史现象+辞赋（2）.mp4",508302434098473,0,1,0,20011],["04.20230324一轮04：题点思考+小说（1）.mp4",378374813063381,0,1,0,20011],["05.20230305一轮05：理性看待文本+小说（2）.mp4",707279070934,0,1,0,20011],["06.20230328一轮06 小说（3）.mp4",796320532921559,0,1,0,20011],["07.20230401一轮07：自由论述答题限度+小说（4）.mp4",534849621317489,0,1,0,20011],["08.20230405一轮08：小说（05）.mp4",1100872235643029,0,1,0,20011],["09.20230408一轮09：小说收尾.mp4",792985223021059,0,1,0,20011],["10.20230411一轮10：戏剧（1）唐传奇.mp4",882608839893648,0,1,0,20011],["11.20230413一轮11：戏剧（2）+答题练习.mp4",540526672949901,0,1,0,20011],["12.20230416一轮12：名词解释+戏剧（3）.mp4",793695728694405,0,1,0,20011],["13.20230418一轮13：戏剧（西厢琵琶牡丹亭）.mp4",22483610099595,0,1,0,20011],["14.20230424 一轮14：戏剧收尾+流变题怎么答.mp4",722303364306584,0,1,0,20011],["15.20230426一轮15：作业讲评+线索回顾+词（1）.mp4",168533734386978,0,1,0,20011],["16.20230511一轮16： 北宋词1.mp4",820734959111238,0,1,0,20011],["17.20230516一轮17：南宋词2.mp4",135271005635101,0,1,0,20011],["18.20230519一轮18：词收尾+理论讨论.mp4",1110677239361548,0,1,0,20011],["19.20230525一轮19：诗经+两汉乐府、文人诗.mp4",690901687048909,0,1,0,20011],["20.20230530一轮20：魏晋南北朝诗歌1.mp4",493218732835060,0,1,0,20011],["21.20230605一轮21：提问+陶渊明+南北朝民歌.mp4",523594224853905,0,1,0,20011],["22.20230611一轮22：唐代诗歌（纯享勾重点版）.mp4",897201932687058,0,1,0,20011],["23.20230614一轮23：李白.mp4",367223772826467,0,1,0,20011],["24.20230618一轮24：杜甫.mp4",214214429221705,0,1,0,20011],["25.20230701一轮25：白居易.mp4",225826545417694,0,1,0,20011],["26.20230704一轮26：韩孟+刘柳.mp4",995951515788245,0,1,0,20011],["27.20230712 一轮27：晚唐诗歌.mp4",233411114476050,0,1,0,20011],["28.20230718 一轮28：唐代诗歌汇总梳理.mp4",228399467579220,0,1,0,20011],["29.20230728 宋代--清代诗歌前续.mp4",902894338568366,0,1,0,20011],["30.20230802 宋代诗歌.mp4",1057445065252542,0,1,0,20011],["31.20230803 元明清诗歌.mp4",315681224244722,0,1,0,20011],["32.20230805 先秦叙事散文.mp4",817347022407278,0,1,0,20011],["33.20230808 先秦诸子散文.mp4",365799767128707,0,1,0,20011],["34.20230809 《史记》《汉书》.mp4",345898903244299,0,1,0,20011],["35.20230812 两汉+魏晋散文.mp4",719821636762079,0,1,0,20011],["36.20230815 魏晋--南宋文章.mp4",197645674497006,0,1,0,20011],["37.20230817 古文收尾.mp4",772638784535606,0,1,0,20011]],"more":false,"page":1,"pageSize":5000}