{"format":"yyc1","data":[["01.20230507一轮01：入门+中西文学文论对比+教材逻辑.mp4",695980033001187,0,1,0,20011],["02.20230513一轮入门02：第七章 文学创造（1）.mp4",289123157829623,0,1,0,20011],["03.20230514 一轮入门03：第七章 文学创造（2）.mp4",1077919980188436,0,1,0,20011],["04.20230517一轮04：第六章 文学创造--精神生产.mp4",108994967230699,0,1,0,20011],["05.20230527一轮05：第九章 文学作品分类.mp4",208296803099243,0,1,0,20011],["06.20230530一轮06：第八章 文学的价值追求.mp4",1080654957217834,0,1,0,20011],["07.20230601 一轮07：第十三章 文学风格.mp4",350978117967060,0,1,0,20011],["08.20230606 一轮08：第十二章 抒情性作品.mp4",666963652068159,0,1,0,20011],["09.20230610一轮09：第十四章 文学消费+文学接受.mp4",250097658477578,0,1,0,20011],["10.20230618一轮10：最后一章 文学批评.mp4",501284033346694,0,1,0,20011],["11.20230623 一轮11：第六章 文学文本1.mp4",152165313209158,0,1,0,20011],["12.20230703 一轮12：文学文本2意境.mp4",99703207406098,0,1,0,20011],["13.20230706 中段复习 6-7章.mp4",167715274105056,0,1,0,20011],["14.20230718 文学批评+文学风格 二轮复习.mp4",596756820544641,0,1,0,20011],["15.20230728 马克思主义文论与当代建设.mp4",20882611572132,0,1,0,20011],["16.20230804 文学作为活动.mp4",695965168886396,0,1,0,20011],["17.20230805 审美意识形态.mp4",675933240331536,0,1,0,20011],["18.20230808 社会主义时期文学活动.mp4",294563440491705,0,1,0,20011],["19.20230811 第一章+柏拉图亚里士多德.mp4",983155303178421,0,1,0,20011],["20.20230812 叙事性作品+剪辑案例.mp4",605033807853697,0,1,0,20011],["21.20230816 文学接受（马工程集合版）.mp4",598236549209262,0,1,0,20011]],"more":false,"page":1,"pageSize":5000}