{"format":"yyc1","data":[["【资料】Krenz-基础透视与结构-13期",647251717343605,1,6,0,20011],["1.230802 Krenz-透视13期-入学典礼_3.mp4",1104432353425916,0,1,0,20011],["1.230802 Krenz-透视13期-入学典礼_5.mp4",384537330678533,0,1,0,20011],["1.230802 Krenz-透视13期-入学典礼_7.mp4",323271228484980,0,1,0,20011],["10.透视13期-PS钢笔工具使用.mp4",949108180155983,0,1,0,20011],["11.透视13期-L1补充-作业攻略-作业解说及常见问题.mp4",893417132038078,0,1,0,20011],["12.230811 透视13期-第二堂课-室内空间与人物_3.mp4",525715694581320,0,1,0,20011],["13.透视13期-L2补充-作业攻略-作业解说及常见问题.mp4",759772283307200,0,1,0,20011],["14.230818 透视13期-第三堂课-场景角度切换_2.mp4",1100347187785589,0,1,0,20011],["15.透视13期-L3 A01 补充-作业攻略-作业解说及常见问题.mp4",168739744748474,0,1,0,20011],["16.透视13期-L3 A02 补充-作业攻略-作业解说及常见问题.mp4",364794837660578,0,1,0,20011],["17.230825 透视13期-第四堂课-距离感与景深建立_2.mp4",198073359696445,0,1,0,20011],["18.透视13期-L4 补充-作业攻略-作业解说及常见问题.mp4",123496042357892,0,1,0,20011],["19.230901 透视13期-第五堂课-人物抓型_2.mp4",556861842961035,0,1,0,20011],["2.4. 透视11期-Procreate透视辅助工具使用手册.mp4",860877978484938,0,1,0,20011],["20.透视13期-L5补充-作业攻略-作业解说及常见问题.mp4",909235093055280,0,1,0,20011],["21.230908 透视13期-第六堂课-人物三视图_2.mp4",473044414808924,0,1,0,20011],["22.透视13期-L6补充-作业攻略-作业解说及常见问题.mp4",833654988921713,0,1,0,20011],["23.230915 透视13期-第七堂课-人物组件旋转拼接_2.mp4",239695937853221,0,1,0,20011],["24.透视13期-L7补充-作业攻略-作业解说及常见问题.mp4",162743893669921,0,1,0,20011],["25.230922 透视13期-第八堂课-透视技巧整合_3.mp4",130622485123517,0,1,0,20011],["26.透视13期-L8补充-作业攻略-作业解说及常见问题.mp4",207936978099204,0,1,0,20011],["3.7. 透视11期-Procreate如何绘制正45度方块、笔刷问题.mp4",352369438050173,0,1,0,20011],["4.5. 透视11期-Procreate贴图工具使用.mp4",1064508736160848,0,1,0,20011],["5.1. 透视11期-Procreate基础界面介绍.mp4",663991968380084,0,1,0,20011],["6.6. 透视11期-Procreate笔刷使用.mp4",616545666232549,0,1,0,20011],["7.2. 透视11期-Procreate画布大小的调整.mp4",755992757583545,0,1,0,20011],["8.3. 透视11期-Procreate手势操作介绍.mp4",161073111734182,0,1,0,20011],["9.230804 透视13期-第一堂课-课程导览与透视基础_2.mp4",781529467615685,0,1,0,20011]],"more":false,"page":1,"pageSize":5000}