{"format":"yyc1","data":[["01.20221120龙形讲义.mp4",416187803468782,0,1,0,20011],["02.20230219龙形，走趟.mp4",617037447083940,0,1,0,20011],["03.20230618龙形，弹起来.mp4",58468315101081,0,1,0,20011],["04.20230625龙形看前手.mp4",987414663319392,0,1,0,20011],["05.20230226虎形，放好再出.mp4",500085768466619,0,1,0,20011],["06.20230625虎形起步大一些.mp4",683345006997712,0,1,0,20011],["07.20220403猴形讲义.mp4",948132382885701,0,1,0,20011],["08.20230326猴形，转身要快.mp4",543123127524045,0,1,0,20011],["09.20230402猴形讲义，猴子爬竿抢把要快 转身.mp4",286032965432049,0,1,0,20011],["10.20220403马形讲义.mp4",240005435725086,0,1,0,20011],["11.20230218马形收式.mp4",214687176878646,0,1,0,20011],["12.20230319马形讲义，两种练法.mp4",143549179380939,0,1,0,20011],["13.20230319马形转身.mp4",1004410067703154,0,1,0,20011],["14.20230402马形收式.mp4",174060282332182,0,1,0,20011],["15.20230409马形要裹上劲.mp4",540583654043452,0,1,0,20011],["16.20230212鼍形、后手位置.mp4",552053652066279,0,1,0,20011],["17.20230326鼍形.mp4",597897514567132,0,1,0,20011],["18.20230402鼍形，手出去再翻 手出去是平的.mp4",649782344314630,0,1,0,20011],["19.20230416鼍形讲义.mp4",452799519822535,0,1,0,20011],["20.20230424鼍形看手.mp4",317578410477441,0,1,0,20011],["21.20220403鸡形讲义.mp4",953110574741683,0,1,0,20011],["22.20230416鸡形讲义.mp4",1063656948727519,0,1,0,20011],["23.20230424鸡形，金鸡束身.mp4",951307340772584,0,1,0,20011],["24.20230625鸡形金鸡独立脚别太高.mp4",427777720982776,0,1,0,20011],["25.20230604鹞形讲义.mp4",430118929037353,0,1,0,20011],["26.20230528燕形讲义.mp4",348518573430087,0,1,0,20011],["27.20230604燕形讲义.mp4",631246781589622,0,1,0,20011],["28.20230625燕形跳远点.mp4",747392029572437,0,1,0,20011],["29.20230319蛇形穿掌.mp4",777899772388102,0,1,0,20011],["30.20230618蛇形掩裆.mp4",660899380058006,0,1,0,20011],["31.20230625蛇形步子大一些.mp4",879157828156918,0,1,0,20011],["32.20221120鸟台形讲义.mp4",650951402680490,0,1,0,20011],["33.20230326鸟台形，裹好再出.mp4",506425825683132,0,1,0,20011],["34.20230625鸟台形起式.mp4",488702109123075,0,1,0,20011],["35.20230625鹰形，抓努之式.mp4",617988918465395,0,1,0,20011],["36.20230212熊形讲义.mp4",797122051491187,0,1,0,20011]],"more":false,"page":1,"pageSize":5000}