{"format":"yyc1","data":[["1 三上8(0802.170514).mp4",415955976389935,0,1,0,19935],["2 三上1(0731.171004).mp4",247754717099156,0,1,0,19935],["3 三上2(0731.200508).mp4",1060241135424286,0,1,0,19935],["4 三上3(0801.224705).mp4",161652656788181,0,1,0,19935],["5 三上4 (0802.104433).mp4",310837266961144,0,1,0,19935],["6 三上5(0802.111200).mp4",278335346156389,0,1,0,19935],["7 三上6(0802.162801).mp4",521971447228070,0,1,0,19935],["8 三上7(0802.164343).mp4",402844372779756,0,1,0,19935]],"more":false,"page":1,"pageSize":500}