{"format":"yyc1","data":[["1.VID_20221103_141212.mp4",465247860864029,0,1,0,19806],["2.VID_20221103_143009.mp4",742496691554397,0,1,0,19806],["3.VID_20221103_144049.mp4",488471615954058,0,1,0,19806],["4.20221103_144526.mp4",1124154337330829,0,1,0,19806],["5.VID_20221103_155056.mp4",96941920566811,0,1,0,19806],["6.20221103_155100.mp4",975488940134263,0,1,0,19806],["7.VID_20221103_170210.mp4",871955116019858,0,1,0,19806],["8.20221103_170214.mp4",336014263311995,0,1,0,19806]],"more":false,"page":1,"pageSize":5000}